variable,value,Simulated
TVAE_10000_0,5.728001298506976,5.821975538160667
TVAE_10000_0,5.694974897639115,5.821975538160667
TVAE_10000_0,5.735901925110758,5.821975538160667
TVAE_10000_0,5.648968827857113,5.821975538160667
TVAE_10000_0,5.729912139826562,5.821975538160667
TVAE_10000_0,5.701377480475865,5.821975538160667
TVAE_10000_0,5.640204714580622,5.821975538160667
TVAE_10000_0,5.737076879903254,5.821975538160667
TVAE_10000_0,5.609328670415026,5.821975538160667
TVAE_10000_0,5.687211633805367,5.821975538160667
TVAE_10000_0,5.726554698224212,5.821975538160667
TVAE_10000_0,5.608652294576944,5.821975538160667
TVAE_10000_0,5.748227757748847,5.821975538160667
TVAE_10000_0,5.679121048627188,5.821975538160667
TVAE_10000_0,5.721597388234812,5.821975538160667
TVAE_10000_0,5.758977162658537,5.821975538160667
TVAE_10000_0,5.746615094628448,5.821975538160667
TVAE_10000_0,5.716339323191926,5.821975538160667
TVAE_10000_0,5.651271336498937,5.821975538160667
TVAE_10000_0,5.632844798223115,5.821975538160667
TVAE_10000_0,5.720094453579804,5.821975538160667
TVAE_10000_0,5.675128327503062,5.821975538160667
TVAE_10000_0,5.68290978993007,5.821975538160667
TVAE_10000_0,5.746069868940075,5.821975538160667
TVAE_10000_0,5.720325232594623,5.821975538160667
TVAE_10000_0,5.69885220737323,5.821975538160667
TVAE_10000_0,5.677017724050078,5.821975538160667
TVAE_10000_0,5.785399506007634,5.821975538160667
TVAE_10000_0,5.710967662470982,5.821975538160667
TVAE_10000_0,5.786924137498609,5.821975538160667
TVAE_10000_0,5.818299534554114,5.821975538160667
TVAE_10000_0,5.811658831778895,5.821975538160667
TVAE_10000_0,5.669170330829031,5.821975538160667
TVAE_10000_0,5.569067437955401,5.821975538160667
TVAE_10000_0,5.722971741508739,5.821975538160667
TVAE_10000_0,5.683390667336921,5.821975538160667
TVAE_10000_0,5.816505624616468,5.821975538160667
TVAE_10000_0,5.5859737980252,5.821975538160667
TVAE_10000_0,5.717818970187487,5.821975538160667
TVAE_10000_0,5.71904643069429,5.821975538160667
TVAE_10000_0,5.733335031741411,5.821975538160667
TVAE_10000_0,5.705322917149132,5.821975538160667
TVAE_10000_0,5.698935380817581,5.821975538160667
TVAE_10000_0,5.687943946317948,5.821975538160667
TVAE_10000_0,5.776234148972984,5.821975538160667
TVAE_10000_0,5.6690723190198185,5.821975538160667
TVAE_10000_0,5.697634428786428,5.821975538160667
TVAE_10000_0,5.73548349596943,5.821975538160667
TVAE_10000_0,5.762960662626116,5.821975538160667
TVAE_10000_0,5.615185727042972,5.821975538160667
TVAE_10000_0,5.6977184630344855,5.821975538160667
TVAE_10000_0,5.718860637136664,5.821975538160667
TVAE_10000_0,5.690803071763267,5.821975538160667
TVAE_10000_0,5.7325981878403365,5.821975538160667
TVAE_10000_0,5.757052854313799,5.821975538160667
TVAE_10000_0,5.735610992816326,5.821975538160667
TVAE_10000_0,5.771932137247209,5.821975538160667
TVAE_10000_0,5.792368106233171,5.821975538160667
TVAE_10000_0,5.719068719311406,5.821975538160667
TVAE_10000_0,5.602113215535399,5.821975538160667
TVAE_10000_0,5.720959417195466,5.821975538160667
TVAE_10000_0,5.7035013653279005,5.821975538160667
TVAE_10000_0,5.791425657964463,5.821975538160667
TVAE_10000_0,5.70451879967842,5.821975538160667
TVAE_10000_0,5.648651183331442,5.821975538160667
TVAE_10000_0,5.750383958132402,5.821975538160667
TVAE_10000_0,5.754490315850574,5.821975538160667
TVAE_10000_0,5.701436136990077,5.821975538160667
TVAE_10000_0,5.687245450486016,5.821975538160667
TVAE_10000_0,5.745620738976984,5.821975538160667
TVAE_10000_0,5.665830083769004,5.821975538160667
TVAE_10000_0,5.718750890560702,5.821975538160667
TVAE_10000_0,5.788136095864196,5.821975538160667
TVAE_10000_0,5.77952695326829,5.821975538160667
TVAE_10000_0,5.662900155551732,5.821975538160667
TVAE_10000_0,5.760753632052685,5.821975538160667
TVAE_10000_0,5.646242105435453,5.821975538160667
TVAE_10000_0,5.696280574226257,5.821975538160667
TVAE_10000_0,5.710879507591291,5.821975538160667
TVAE_10000_0,5.6897254568460935,5.821975538160667
TVAE_10000_0,5.665133021175624,5.821975538160667
TVAE_10000_0,5.715667359885318,5.821975538160667
TVAE_10000_0,5.6643640756368905,5.821975538160667
TVAE_10000_0,5.74280766285888,5.821975538160667
TVAE_10000_0,5.668143204618537,5.821975538160667
TVAE_10000_0,5.687602143804464,5.821975538160667
TVAE_10000_0,5.735569397829117,5.821975538160667
TVAE_10000_0,5.765306089702615,5.821975538160667
TVAE_10000_0,5.765637998416911,5.821975538160667
TVAE_10000_0,5.750386579686118,5.821975538160667
TVAE_10000_0,5.689732569567669,5.821975538160667
TVAE_10000_0,5.745773331103054,5.821975538160667
TVAE_10000_0,5.706577529868384,5.821975538160667
TVAE_10000_0,5.683331376778517,5.821975538160667
TVAE_10000_0,5.7171387988111775,5.821975538160667
TVAE_10000_0,5.736997197002316,5.821975538160667
TVAE_10000_0,5.689567735651659,5.821975538160667
TVAE_10000_0,5.690740530230036,5.821975538160667
TVAE_10000_0,5.756989119797719,5.821975538160667
TVAE_10000_0,5.815848090255935,5.821975538160667
CTGAN_10000_0,8.841330490939523,5.821975538160667
CTGAN_10000_0,8.679253861585405,5.821975538160667
CTGAN_10000_0,8.61337277163501,5.821975538160667
CTGAN_10000_0,8.772786317232278,5.821975538160667
CTGAN_10000_0,8.675994507969488,5.821975538160667
CTGAN_10000_0,8.528804676874831,5.821975538160667
CTGAN_10000_0,8.622337573728165,5.821975538160667
CTGAN_10000_0,8.666319287171309,5.821975538160667
CTGAN_10000_0,8.77412289739756,5.821975538160667
CTGAN_10000_0,8.59773387151709,5.821975538160667
CTGAN_10000_0,8.732534287968782,5.821975538160667
CTGAN_10000_0,8.641376973686675,5.821975538160667
CTGAN_10000_0,8.629118581423988,5.821975538160667
CTGAN_10000_0,8.663455374893203,5.821975538160667
CTGAN_10000_0,8.707774012454205,5.821975538160667
CTGAN_10000_0,8.90419117573162,5.821975538160667
CTGAN_10000_0,8.897622457225728,5.821975538160667
CTGAN_10000_0,8.64483584969047,5.821975538160667
CTGAN_10000_0,8.699905950557113,5.821975538160667
CTGAN_10000_0,8.645790380616337,5.821975538160667
CTGAN_10000_0,8.740455833786637,5.821975538160667
CTGAN_10000_0,8.536503332910913,5.821975538160667
CTGAN_10000_0,8.71376090286214,5.821975538160667
CTGAN_10000_0,8.773306085307054,5.821975538160667
CTGAN_10000_0,8.75446984340888,5.821975538160667
CTGAN_10000_0,8.77155374323615,5.821975538160667
CTGAN_10000_0,8.775060312052293,5.821975538160667
CTGAN_10000_0,8.696698385881653,5.821975538160667
CTGAN_10000_0,8.764774986900601,5.821975538160667
CTGAN_10000_0,8.756719245596893,5.821975538160667
CTGAN_10000_0,8.626680403648027,5.821975538160667
CTGAN_10000_0,8.862406084461487,5.821975538160667
CTGAN_10000_0,8.74330931495668,5.821975538160667
CTGAN_10000_0,8.748605080089604,5.821975538160667
CTGAN_10000_0,8.64878088438005,5.821975538160667
CTGAN_10000_0,8.702247989253575,5.821975538160667
CTGAN_10000_0,8.674039097785608,5.821975538160667
CTGAN_10000_0,8.785527501369526,5.821975538160667
CTGAN_10000_0,8.764178529335002,5.821975538160667
CTGAN_10000_0,8.768220498249972,5.821975538160667
CTGAN_10000_0,8.663812844399164,5.821975538160667
CTGAN_10000_0,8.80194026429141,5.821975538160667
CTGAN_10000_0,8.823046404184387,5.821975538160667
CTGAN_10000_0,8.651323181091398,5.821975538160667
CTGAN_10000_0,8.610651408539228,5.821975538160667
CTGAN_10000_0,8.991600029249316,5.821975538160667
CTGAN_10000_0,8.77769747694875,5.821975538160667
CTGAN_10000_0,8.568393123441428,5.821975538160667
CTGAN_10000_0,8.766173785285414,5.821975538160667
CTGAN_10000_0,8.474312165420564,5.821975538160667
CTGAN_10000_0,8.741308939153777,5.821975538160667
CTGAN_10000_0,8.65492355147119,5.821975538160667
CTGAN_10000_0,8.731125232767024,5.821975538160667
CTGAN_10000_0,8.797006960343891,5.821975538160667
CTGAN_10000_0,8.808021693155178,5.821975538160667
CTGAN_10000_0,8.627178917405962,5.821975538160667
CTGAN_10000_0,8.762220316894414,5.821975538160667
CTGAN_10000_0,8.817063605612748,5.821975538160667
CTGAN_10000_0,8.578715626511812,5.821975538160667
CTGAN_10000_0,8.699720501941432,5.821975538160667
CTGAN_10000_0,8.71483038561318,5.821975538160667
CTGAN_10000_0,8.831044070452112,5.821975538160667
CTGAN_10000_0,8.718902088593339,5.821975538160667
CTGAN_10000_0,8.72021230688333,5.821975538160667
CTGAN_10000_0,8.720289160782862,5.821975538160667
CTGAN_10000_0,8.797518834594518,5.821975538160667
CTGAN_10000_0,8.664224577874753,5.821975538160667
CTGAN_10000_0,8.622252389156984,5.821975538160667
CTGAN_10000_0,8.658986532799933,5.821975538160667
CTGAN_10000_0,8.643440418021907,5.821975538160667
CTGAN_10000_0,8.591927436696517,5.821975538160667
CTGAN_10000_0,8.560069565589568,5.821975538160667
CTGAN_10000_0,8.567919942139685,5.821975538160667
CTGAN_10000_0,8.72519528671772,5.821975538160667
CTGAN_10000_0,8.730430152885365,5.821975538160667
CTGAN_10000_0,8.634272999593538,5.821975538160667
CTGAN_10000_0,8.80903429949602,5.821975538160667
CTGAN_10000_0,8.952489622768088,5.821975538160667
CTGAN_10000_0,8.536499832719253,5.821975538160667
CTGAN_10000_0,8.51688831291324,5.821975538160667
CTGAN_10000_0,8.684790328228297,5.821975538160667
CTGAN_10000_0,8.446052060634058,5.821975538160667
CTGAN_10000_0,8.622296714612052,5.821975538160667
CTGAN_10000_0,8.620788643028009,5.821975538160667
CTGAN_10000_0,8.733894942436368,5.821975538160667
CTGAN_10000_0,8.667993382572181,5.821975538160667
CTGAN_10000_0,8.80503091991242,5.821975538160667
CTGAN_10000_0,8.600643023999544,5.821975538160667
CTGAN_10000_0,8.479631048846128,5.821975538160667
CTGAN_10000_0,8.707378441316855,5.821975538160667
CTGAN_10000_0,8.605461855809699,5.821975538160667
CTGAN_10000_0,8.813808121197951,5.821975538160667
CTGAN_10000_0,8.853386828009807,5.821975538160667
CTGAN_10000_0,8.78181059100041,5.821975538160667
CTGAN_10000_0,8.937109897657358,5.821975538160667
CTGAN_10000_0,8.592948480234444,5.821975538160667
CTGAN_10000_0,8.758210085560977,5.821975538160667
CTGAN_10000_0,8.711950575579989,5.821975538160667
CTGAN_10000_0,8.646818631495183,5.821975538160667
CTGAN_10000_0,8.687459168080995,5.821975538160667
TVAE_10000_10,6.037580204804807,5.8255439851237565
TVAE_10000_10,6.010094631645932,5.8255439851237565
TVAE_10000_10,6.068486764032485,5.8255439851237565
TVAE_10000_10,5.990059532796536,5.8255439851237565
TVAE_10000_10,5.964450748920116,5.8255439851237565
TVAE_10000_10,5.885919598253762,5.8255439851237565
TVAE_10000_10,6.015594249238392,5.8255439851237565
TVAE_10000_10,6.002392738907867,5.8255439851237565
TVAE_10000_10,5.834832371189713,5.8255439851237565
TVAE_10000_10,6.123218846632034,5.8255439851237565
TVAE_10000_10,5.914708967454144,5.8255439851237565
TVAE_10000_10,6.008147039546843,5.8255439851237565
TVAE_10000_10,6.116778903046851,5.8255439851237565
TVAE_10000_10,5.981626307562895,5.8255439851237565
TVAE_10000_10,5.883633379180009,5.8255439851237565
TVAE_10000_10,6.038618510116327,5.8255439851237565
TVAE_10000_10,5.906583539848759,5.8255439851237565
TVAE_10000_10,6.0129953341455415,5.8255439851237565
TVAE_10000_10,6.0881439565021696,5.8255439851237565
TVAE_10000_10,6.03345969151294,5.8255439851237565
TVAE_10000_10,5.8657011485741295,5.8255439851237565
TVAE_10000_10,5.980130844899994,5.8255439851237565
TVAE_10000_10,5.996749836740642,5.8255439851237565
TVAE_10000_10,5.92858571370954,5.8255439851237565
TVAE_10000_10,6.012850418986005,5.8255439851237565
TVAE_10000_10,5.9972996251744615,5.8255439851237565
TVAE_10000_10,6.25076666193034,5.8255439851237565
TVAE_10000_10,5.987960171729855,5.8255439851237565
TVAE_10000_10,5.995953245778432,5.8255439851237565
TVAE_10000_10,5.982948450309207,5.8255439851237565
TVAE_10000_10,6.010479690950231,5.8255439851237565
TVAE_10000_10,6.06786910922767,5.8255439851237565
TVAE_10000_10,6.028428790527974,5.8255439851237565
TVAE_10000_10,6.012773566738916,5.8255439851237565
TVAE_10000_10,6.086796469675006,5.8255439851237565
TVAE_10000_10,6.083081680288682,5.8255439851237565
TVAE_10000_10,5.961609567812486,5.8255439851237565
TVAE_10000_10,5.949167854756384,5.8255439851237565
TVAE_10000_10,5.862860318473044,5.8255439851237565
TVAE_10000_10,6.002649510051636,5.8255439851237565
TVAE_10000_10,5.873051926124083,5.8255439851237565
TVAE_10000_10,5.97025690061719,5.8255439851237565
TVAE_10000_10,5.955709405664512,5.8255439851237565
TVAE_10000_10,6.013764945908134,5.8255439851237565
TVAE_10000_10,5.855103155912504,5.8255439851237565
TVAE_10000_10,5.971778979741905,5.8255439851237565
TVAE_10000_10,5.954007128583047,5.8255439851237565
TVAE_10000_10,6.03881124901043,5.8255439851237565
TVAE_10000_10,6.063253134169283,5.8255439851237565
TVAE_10000_10,5.967591002132999,5.8255439851237565
TVAE_10000_10,6.045842954666076,5.8255439851237565
TVAE_10000_10,5.901346978035787,5.8255439851237565
TVAE_10000_10,6.0298872184539976,5.8255439851237565
TVAE_10000_10,6.105045649891239,5.8255439851237565
TVAE_10000_10,6.03041296300612,5.8255439851237565
TVAE_10000_10,5.9511855090087895,5.8255439851237565
TVAE_10000_10,5.911726087887312,5.8255439851237565
TVAE_10000_10,6.068269522056321,5.8255439851237565
TVAE_10000_10,5.944949743805608,5.8255439851237565
TVAE_10000_10,5.972558588433751,5.8255439851237565
TVAE_10000_10,5.98368911386342,5.8255439851237565
TVAE_10000_10,5.85537675251144,5.8255439851237565
TVAE_10000_10,5.832873441248947,5.8255439851237565
TVAE_10000_10,6.019536071585562,5.8255439851237565
TVAE_10000_10,6.0411677580596415,5.8255439851237565
TVAE_10000_10,6.023226598477327,5.8255439851237565
TVAE_10000_10,6.000651871211261,5.8255439851237565
TVAE_10000_10,6.010274740531263,5.8255439851237565
TVAE_10000_10,5.936698070733951,5.8255439851237565
TVAE_10000_10,6.010321967995569,5.8255439851237565
TVAE_10000_10,5.877026753301256,5.8255439851237565
TVAE_10000_10,5.989645023306338,5.8255439851237565
TVAE_10000_10,5.992543337634494,5.8255439851237565
TVAE_10000_10,5.914126795088036,5.8255439851237565
TVAE_10000_10,5.942858054293137,5.8255439851237565
TVAE_10000_10,5.97030744296212,5.8255439851237565
TVAE_10000_10,5.981995017387198,5.8255439851237565
TVAE_10000_10,6.020103250546709,5.8255439851237565
TVAE_10000_10,6.089115882844727,5.8255439851237565
TVAE_10000_10,5.978843390923428,5.8255439851237565
TVAE_10000_10,5.929927840697421,5.8255439851237565
TVAE_10000_10,5.980255960975743,5.8255439851237565
TVAE_10000_10,6.036821046041803,5.8255439851237565
TVAE_10000_10,5.860391736286622,5.8255439851237565
TVAE_10000_10,5.85564614088012,5.8255439851237565
TVAE_10000_10,6.006119249066057,5.8255439851237565
TVAE_10000_10,5.878507764362916,5.8255439851237565
TVAE_10000_10,5.97401804277493,5.8255439851237565
TVAE_10000_10,6.015421625186676,5.8255439851237565
TVAE_10000_10,6.002125918616452,5.8255439851237565
TVAE_10000_10,6.022989523822244,5.8255439851237565
TVAE_10000_10,6.028373197307869,5.8255439851237565
TVAE_10000_10,6.070946290083054,5.8255439851237565
TVAE_10000_10,5.9090478765356025,5.8255439851237565
TVAE_10000_10,5.994337373749624,5.8255439851237565
TVAE_10000_10,6.0195844710080895,5.8255439851237565
TVAE_10000_10,5.975439881659471,5.8255439851237565
TVAE_10000_10,5.911659798305677,5.8255439851237565
TVAE_10000_10,5.9751023304080935,5.8255439851237565
TVAE_10000_10,5.91663427545978,5.8255439851237565
CTGAN_10000_10,8.089253560420271,5.8255439851237565
CTGAN_10000_10,8.094132485602477,5.8255439851237565
CTGAN_10000_10,8.265853683946194,5.8255439851237565
CTGAN_10000_10,8.110979876702126,5.8255439851237565
CTGAN_10000_10,8.035760275366233,5.8255439851237565
CTGAN_10000_10,8.148486260102903,5.8255439851237565
CTGAN_10000_10,8.255381023388406,5.8255439851237565
CTGAN_10000_10,7.854897754630457,5.8255439851237565
CTGAN_10000_10,8.04922627266951,5.8255439851237565
CTGAN_10000_10,8.058965022798642,5.8255439851237565
CTGAN_10000_10,8.095604223028332,5.8255439851237565
CTGAN_10000_10,8.058783475521409,5.8255439851237565
CTGAN_10000_10,8.21004875236488,5.8255439851237565
CTGAN_10000_10,8.185816870992074,5.8255439851237565
CTGAN_10000_10,8.17503345408878,5.8255439851237565
CTGAN_10000_10,8.228075437555566,5.8255439851237565
CTGAN_10000_10,8.211204775812552,5.8255439851237565
CTGAN_10000_10,8.157311436160176,5.8255439851237565
CTGAN_10000_10,7.978236572529238,5.8255439851237565
CTGAN_10000_10,8.309260079856632,5.8255439851237565
CTGAN_10000_10,8.041793860115584,5.8255439851237565
CTGAN_10000_10,7.925582423646245,5.8255439851237565
CTGAN_10000_10,8.047754551790593,5.8255439851237565
CTGAN_10000_10,8.08776439866661,5.8255439851237565
CTGAN_10000_10,8.206347519371977,5.8255439851237565
CTGAN_10000_10,8.154522774027091,5.8255439851237565
CTGAN_10000_10,8.066839292045215,5.8255439851237565
CTGAN_10000_10,8.285995537527464,5.8255439851237565
CTGAN_10000_10,7.982319566993371,5.8255439851237565
CTGAN_10000_10,8.029913955368395,5.8255439851237565
CTGAN_10000_10,8.057148262343803,5.8255439851237565
CTGAN_10000_10,8.021020087166978,5.8255439851237565
CTGAN_10000_10,8.000240500900095,5.8255439851237565
CTGAN_10000_10,8.00573044405261,5.8255439851237565
CTGAN_10000_10,8.005631488533195,5.8255439851237565
CTGAN_10000_10,8.028610676107315,5.8255439851237565
CTGAN_10000_10,8.144754432220768,5.8255439851237565
CTGAN_10000_10,8.136055561215294,5.8255439851237565
CTGAN_10000_10,8.262891653653877,5.8255439851237565
CTGAN_10000_10,8.217776077449205,5.8255439851237565
CTGAN_10000_10,7.864736970356878,5.8255439851237565
CTGAN_10000_10,8.08588967968319,5.8255439851237565
CTGAN_10000_10,8.188571002274145,5.8255439851237565
CTGAN_10000_10,8.150329730217269,5.8255439851237565
CTGAN_10000_10,8.086557437819625,5.8255439851237565
CTGAN_10000_10,8.224259991373316,5.8255439851237565
CTGAN_10000_10,8.263967413367379,5.8255439851237565
CTGAN_10000_10,8.08901873084261,5.8255439851237565
CTGAN_10000_10,7.963016351911844,5.8255439851237565
CTGAN_10000_10,8.198539911271777,5.8255439851237565
CTGAN_10000_10,8.17270011495028,5.8255439851237565
CTGAN_10000_10,8.078016664194951,5.8255439851237565
CTGAN_10000_10,8.114321983285516,5.8255439851237565
CTGAN_10000_10,8.036305539289994,5.8255439851237565
CTGAN_10000_10,8.215884297901924,5.8255439851237565
CTGAN_10000_10,7.986238959260997,5.8255439851237565
CTGAN_10000_10,8.088167290147064,5.8255439851237565
CTGAN_10000_10,8.259261902151119,5.8255439851237565
CTGAN_10000_10,8.312923690316495,5.8255439851237565
CTGAN_10000_10,8.06461975747271,5.8255439851237565
CTGAN_10000_10,8.105194828513547,5.8255439851237565
CTGAN_10000_10,8.057239909293063,5.8255439851237565
CTGAN_10000_10,7.9481060325209185,5.8255439851237565
CTGAN_10000_10,7.986085918511728,5.8255439851237565
CTGAN_10000_10,7.969004626431399,5.8255439851237565
CTGAN_10000_10,8.1268259596247,5.8255439851237565
CTGAN_10000_10,8.11902666340482,5.8255439851237565
CTGAN_10000_10,7.99603731533482,5.8255439851237565
CTGAN_10000_10,8.118021518851503,5.8255439851237565
CTGAN_10000_10,8.272770125993635,5.8255439851237565
CTGAN_10000_10,8.17113221371034,5.8255439851237565
CTGAN_10000_10,8.19717002706658,5.8255439851237565
CTGAN_10000_10,8.04540294744923,5.8255439851237565
CTGAN_10000_10,8.085813570394908,5.8255439851237565
CTGAN_10000_10,8.240434097962346,5.8255439851237565
CTGAN_10000_10,8.173066888936367,5.8255439851237565
CTGAN_10000_10,8.146829645361205,5.8255439851237565
CTGAN_10000_10,8.12178676759419,5.8255439851237565
CTGAN_10000_10,8.015304142959248,5.8255439851237565
CTGAN_10000_10,8.082115716114492,5.8255439851237565
CTGAN_10000_10,8.19037439357367,5.8255439851237565
CTGAN_10000_10,8.254999239905535,5.8255439851237565
CTGAN_10000_10,8.253323262097595,5.8255439851237565
CTGAN_10000_10,8.019848218843602,5.8255439851237565
CTGAN_10000_10,7.921880995436945,5.8255439851237565
CTGAN_10000_10,8.22182126230909,5.8255439851237565
CTGAN_10000_10,8.043529116357536,5.8255439851237565
CTGAN_10000_10,8.085422504825688,5.8255439851237565
CTGAN_10000_10,8.039324942466308,5.8255439851237565
CTGAN_10000_10,8.042631616639614,5.8255439851237565
CTGAN_10000_10,8.147140692831268,5.8255439851237565
CTGAN_10000_10,8.165257866283014,5.8255439851237565
CTGAN_10000_10,8.114619129444872,5.8255439851237565
CTGAN_10000_10,8.233091598503727,5.8255439851237565
CTGAN_10000_10,8.000769074558601,5.8255439851237565
CTGAN_10000_10,8.182817465030606,5.8255439851237565
CTGAN_10000_10,8.064051365194356,5.8255439851237565
CTGAN_10000_10,8.113348849212745,5.8255439851237565
CTGAN_10000_10,8.218118198396983,5.8255439851237565
CTGAN_10000_10,8.052061880598071,5.8255439851237565
TVAE_10000_20,5.83573874790401,5.815226704553552
TVAE_10000_20,5.593555426544753,5.815226704553552
TVAE_10000_20,5.630160401047807,5.815226704553552
TVAE_10000_20,5.696297678138301,5.815226704553552
TVAE_10000_20,5.67260122683541,5.815226704553552
TVAE_10000_20,5.571934519947464,5.815226704553552
TVAE_10000_20,5.615667289859873,5.815226704553552
TVAE_10000_20,5.762474472177361,5.815226704553552
TVAE_10000_20,5.770506526233158,5.815226704553552
TVAE_10000_20,5.614791866622637,5.815226704553552
TVAE_10000_20,5.65436623845591,5.815226704553552
TVAE_10000_20,5.702703279198703,5.815226704553552
TVAE_10000_20,5.751974244960256,5.815226704553552
TVAE_10000_20,5.718985538002637,5.815226704553552
TVAE_10000_20,5.674290596899347,5.815226704553552
TVAE_10000_20,5.5348853127049065,5.815226704553552
TVAE_10000_20,5.642913015447481,5.815226704553552
TVAE_10000_20,5.642635953736265,5.815226704553552
TVAE_10000_20,5.793318001106835,5.815226704553552
TVAE_10000_20,5.619045565223118,5.815226704553552
TVAE_10000_20,5.593634113998233,5.815226704553552
TVAE_10000_20,5.643671789575054,5.815226704553552
TVAE_10000_20,5.666041465407955,5.815226704553552
TVAE_10000_20,5.701165871680934,5.815226704553552
TVAE_10000_20,5.6756829129195605,5.815226704553552
TVAE_10000_20,5.5448647809535565,5.815226704553552
TVAE_10000_20,5.742944692787906,5.815226704553552
TVAE_10000_20,5.742905481242503,5.815226704553552
TVAE_10000_20,5.720805655179286,5.815226704553552
TVAE_10000_20,5.727627835095163,5.815226704553552
TVAE_10000_20,5.606935942604597,5.815226704553552
TVAE_10000_20,5.666899046336381,5.815226704553552
TVAE_10000_20,5.63492146156099,5.815226704553552
TVAE_10000_20,5.827205743217826,5.815226704553552
TVAE_10000_20,5.722364602476183,5.815226704553552
TVAE_10000_20,5.721257505760107,5.815226704553552
TVAE_10000_20,5.751143687595402,5.815226704553552
TVAE_10000_20,5.731628386874464,5.815226704553552
TVAE_10000_20,5.725827958255409,5.815226704553552
TVAE_10000_20,5.720631337106278,5.815226704553552
TVAE_10000_20,5.604967289671283,5.815226704553552
TVAE_10000_20,5.72380372149779,5.815226704553552
TVAE_10000_20,5.7494268093024585,5.815226704553552
TVAE_10000_20,5.684883348850251,5.815226704553552
TVAE_10000_20,5.64133271570585,5.815226704553552
TVAE_10000_20,5.582991532672194,5.815226704553552
TVAE_10000_20,5.680190454575554,5.815226704553552
TVAE_10000_20,5.665583925683235,5.815226704553552
TVAE_10000_20,5.694961399804268,5.815226704553552
TVAE_10000_20,5.628887383107919,5.815226704553552
TVAE_10000_20,5.614977465590036,5.815226704553552
TVAE_10000_20,5.687112798235068,5.815226704553552
TVAE_10000_20,5.543773246857152,5.815226704553552
TVAE_10000_20,5.754655696345209,5.815226704553552
TVAE_10000_20,5.681433012664895,5.815226704553552
TVAE_10000_20,5.736254477165778,5.815226704553552
TVAE_10000_20,5.709321542385432,5.815226704553552
TVAE_10000_20,5.701732482871806,5.815226704553552
TVAE_10000_20,5.739032462946694,5.815226704553552
TVAE_10000_20,5.791534935329372,5.815226704553552
TVAE_10000_20,5.651244858742497,5.815226704553552
TVAE_10000_20,5.806603238541426,5.815226704553552
TVAE_10000_20,5.729744147994821,5.815226704553552
TVAE_10000_20,5.659365687866623,5.815226704553552
TVAE_10000_20,5.654970790634046,5.815226704553552
TVAE_10000_20,5.790916145438598,5.815226704553552
TVAE_10000_20,5.848195495399595,5.815226704553552
TVAE_10000_20,5.588260925976902,5.815226704553552
TVAE_10000_20,5.768615546267301,5.815226704553552
TVAE_10000_20,5.726487646858174,5.815226704553552
TVAE_10000_20,5.6500466413929065,5.815226704553552
TVAE_10000_20,5.6654668146683225,5.815226704553552
TVAE_10000_20,5.633032358330086,5.815226704553552
TVAE_10000_20,5.72397384296953,5.815226704553552
TVAE_10000_20,5.693738767342657,5.815226704553552
TVAE_10000_20,5.512974842371266,5.815226704553552
TVAE_10000_20,5.745974396361127,5.815226704553552
TVAE_10000_20,5.724177141525376,5.815226704553552
TVAE_10000_20,5.539457380216584,5.815226704553552
TVAE_10000_20,5.743666576812508,5.815226704553552
TVAE_10000_20,5.692331107612871,5.815226704553552
TVAE_10000_20,5.490802472716669,5.815226704553552
TVAE_10000_20,5.669699430315488,5.815226704553552
TVAE_10000_20,5.865336992723677,5.815226704553552
TVAE_10000_20,5.715372178758997,5.815226704553552
TVAE_10000_20,5.635038342936026,5.815226704553552
TVAE_10000_20,5.731005303809513,5.815226704553552
TVAE_10000_20,5.646981744009979,5.815226704553552
TVAE_10000_20,5.678458885334473,5.815226704553552
TVAE_10000_20,5.688464145578183,5.815226704553552
TVAE_10000_20,5.628738486991843,5.815226704553552
TVAE_10000_20,5.795912029966187,5.815226704553552
TVAE_10000_20,5.646394665356287,5.815226704553552
TVAE_10000_20,5.689669846326767,5.815226704553552
TVAE_10000_20,5.717323565117775,5.815226704553552
TVAE_10000_20,5.738055583455027,5.815226704553552
TVAE_10000_20,5.715568146409935,5.815226704553552
TVAE_10000_20,5.6936029601424405,5.815226704553552
TVAE_10000_20,5.617016204371089,5.815226704553552
TVAE_10000_20,5.688084902844523,5.815226704553552
CTGAN_10000_20,9.649569941764058,5.815226704553552
CTGAN_10000_20,9.60430702637388,5.815226704553552
CTGAN_10000_20,9.659574896545168,5.815226704553552
CTGAN_10000_20,9.539748105448984,5.815226704553552
CTGAN_10000_20,9.781960604863531,5.815226704553552
CTGAN_10000_20,9.95595034712464,5.815226704553552
CTGAN_10000_20,9.708518438929785,5.815226704553552
CTGAN_10000_20,9.642359191788618,5.815226704553552
CTGAN_10000_20,9.743789803461134,5.815226704553552
CTGAN_10000_20,9.641988952362448,5.815226704553552
CTGAN_10000_20,9.494921405886773,5.815226704553552
CTGAN_10000_20,9.442882912762258,5.815226704553552
CTGAN_10000_20,9.736045013341238,5.815226704553552
CTGAN_10000_20,9.796222446500222,5.815226704553552
CTGAN_10000_20,9.65055880728,5.815226704553552
CTGAN_10000_20,9.666080234583536,5.815226704553552
CTGAN_10000_20,9.781195834090534,5.815226704553552
CTGAN_10000_20,9.66732643044964,5.815226704553552
CTGAN_10000_20,9.74703761156742,5.815226704553552
CTGAN_10000_20,9.501670317562688,5.815226704553552
CTGAN_10000_20,9.61541719338016,5.815226704553552
CTGAN_10000_20,9.51639301903426,5.815226704553552
CTGAN_10000_20,9.807121630795807,5.815226704553552
CTGAN_10000_20,9.559146953566763,5.815226704553552
CTGAN_10000_20,9.750511359929934,5.815226704553552
CTGAN_10000_20,9.638860296503418,5.815226704553552
CTGAN_10000_20,9.406047285905473,5.815226704553552
CTGAN_10000_20,9.682063125169766,5.815226704553552
CTGAN_10000_20,9.746341007490146,5.815226704553552
CTGAN_10000_20,9.766432710208235,5.815226704553552
CTGAN_10000_20,9.849293915305095,5.815226704553552
CTGAN_10000_20,9.698088458317203,5.815226704553552
CTGAN_10000_20,9.852781269978664,5.815226704553552
CTGAN_10000_20,9.676406625071024,5.815226704553552
CTGAN_10000_20,9.865551646400908,5.815226704553552
CTGAN_10000_20,9.744187752983926,5.815226704553552
CTGAN_10000_20,9.452306383994692,5.815226704553552
CTGAN_10000_20,9.60015486250597,5.815226704553552
CTGAN_10000_20,9.484695360424286,5.815226704553552
CTGAN_10000_20,9.529892413578,5.815226704553552
CTGAN_10000_20,9.651343540420251,5.815226704553552
CTGAN_10000_20,9.743400520653704,5.815226704553552
CTGAN_10000_20,9.749951556681513,5.815226704553552
CTGAN_10000_20,9.781475513257416,5.815226704553552
CTGAN_10000_20,9.585533145466432,5.815226704553552
CTGAN_10000_20,9.685247684669108,5.815226704553552
CTGAN_10000_20,9.844208224425204,5.815226704553552
CTGAN_10000_20,9.70721238620904,5.815226704553552
CTGAN_10000_20,9.527083760868804,5.815226704553552
CTGAN_10000_20,9.52299354541113,5.815226704553552
CTGAN_10000_20,9.79833027352323,5.815226704553552
CTGAN_10000_20,9.68457663646948,5.815226704553552
CTGAN_10000_20,9.778132142125605,5.815226704553552
CTGAN_10000_20,9.666918050562224,5.815226704553552
CTGAN_10000_20,9.819560772890163,5.815226704553552
CTGAN_10000_20,9.505384964941031,5.815226704553552
CTGAN_10000_20,9.664836546994795,5.815226704553552
CTGAN_10000_20,9.73760791249278,5.815226704553552
CTGAN_10000_20,9.783959151046384,5.815226704553552
CTGAN_10000_20,9.611311475800672,5.815226704553552
CTGAN_10000_20,9.840083025731357,5.815226704553552
CTGAN_10000_20,9.620566405942256,5.815226704553552
CTGAN_10000_20,9.655100613608443,5.815226704553552
CTGAN_10000_20,9.661170059424872,5.815226704553552
CTGAN_10000_20,9.789014573062364,5.815226704553552
CTGAN_10000_20,9.57822195172672,5.815226704553552
CTGAN_10000_20,9.772348608435747,5.815226704553552
CTGAN_10000_20,9.779634479015542,5.815226704553552
CTGAN_10000_20,9.37224395882175,5.815226704553552
CTGAN_10000_20,9.841790520677591,5.815226704553552
CTGAN_10000_20,9.810847859761449,5.815226704553552
CTGAN_10000_20,9.652548068769406,5.815226704553552
CTGAN_10000_20,9.75564356491125,5.815226704553552
CTGAN_10000_20,9.718337487268393,5.815226704553552
CTGAN_10000_20,9.717817479672409,5.815226704553552
CTGAN_10000_20,9.942808487409748,5.815226704553552
CTGAN_10000_20,9.710025522113892,5.815226704553552
CTGAN_10000_20,9.891579077764789,5.815226704553552
CTGAN_10000_20,9.567821883663694,5.815226704553552
CTGAN_10000_20,9.86043611208184,5.815226704553552
CTGAN_10000_20,9.72975474557376,5.815226704553552
CTGAN_10000_20,9.66476646832408,5.815226704553552
CTGAN_10000_20,9.664928221484503,5.815226704553552
CTGAN_10000_20,9.729030736417624,5.815226704553552
CTGAN_10000_20,9.716587922201017,5.815226704553552
CTGAN_10000_20,9.370489714969745,5.815226704553552
CTGAN_10000_20,9.82316718977624,5.815226704553552
CTGAN_10000_20,9.862952317419246,5.815226704553552
CTGAN_10000_20,9.580799757222511,5.815226704553552
CTGAN_10000_20,9.543293072140148,5.815226704553552
CTGAN_10000_20,9.739929819339777,5.815226704553552
CTGAN_10000_20,9.496858147236448,5.815226704553552
CTGAN_10000_20,9.738208002926672,5.815226704553552
CTGAN_10000_20,9.698821015971909,5.815226704553552
CTGAN_10000_20,9.631953908194408,5.815226704553552
CTGAN_10000_20,9.65242379008192,5.815226704553552
CTGAN_10000_20,9.64798563039983,5.815226704553552
CTGAN_10000_20,9.517757180111612,5.815226704553552
CTGAN_10000_20,9.509923029851835,5.815226704553552
CTGAN_10000_20,9.77148272104292,5.815226704553552
TVAE_25000_0,5.404327781337,5.801646888060644
TVAE_25000_0,5.259466612317648,5.801646888060644
TVAE_25000_0,5.267573482717176,5.801646888060644
TVAE_25000_0,5.379697124667756,5.801646888060644
TVAE_25000_0,5.333092736281974,5.801646888060644
TVAE_25000_0,5.357169601432777,5.801646888060644
TVAE_25000_0,5.360433345695708,5.801646888060644
TVAE_25000_0,5.373255284190889,5.801646888060644
TVAE_25000_0,5.326210246740371,5.801646888060644
TVAE_25000_0,5.4300761538008935,5.801646888060644
TVAE_25000_0,5.384937436460921,5.801646888060644
TVAE_25000_0,5.318409177126211,5.801646888060644
TVAE_25000_0,5.368908018123301,5.801646888060644
TVAE_25000_0,5.426766408551787,5.801646888060644
TVAE_25000_0,5.347544156355531,5.801646888060644
TVAE_25000_0,5.308007443418897,5.801646888060644
TVAE_25000_0,5.350377878571614,5.801646888060644
TVAE_25000_0,5.346220654950241,5.801646888060644
TVAE_25000_0,5.297063598171544,5.801646888060644
TVAE_25000_0,5.4109375399401305,5.801646888060644
TVAE_25000_0,5.405253128176921,5.801646888060644
TVAE_25000_0,5.374034700275403,5.801646888060644
TVAE_25000_0,5.338253936079245,5.801646888060644
TVAE_25000_0,5.369268650660889,5.801646888060644
TVAE_25000_0,5.419976003611344,5.801646888060644
TVAE_25000_0,5.44257534212707,5.801646888060644
TVAE_25000_0,5.350613821694832,5.801646888060644
TVAE_25000_0,5.323423980339015,5.801646888060644
TVAE_25000_0,5.3673225364177855,5.801646888060644
TVAE_25000_0,5.384679718852496,5.801646888060644
TVAE_25000_0,5.377931772457787,5.801646888060644
TVAE_25000_0,5.372385877302745,5.801646888060644
TVAE_25000_0,5.32216228114684,5.801646888060644
TVAE_25000_0,5.351426562378006,5.801646888060644
TVAE_25000_0,5.359859709097914,5.801646888060644
TVAE_25000_0,5.396167272015931,5.801646888060644
TVAE_25000_0,5.333628699792678,5.801646888060644
TVAE_25000_0,5.358128771099005,5.801646888060644
TVAE_25000_0,5.382375111640256,5.801646888060644
TVAE_25000_0,5.383825518439098,5.801646888060644
TVAE_25000_0,5.330497160931468,5.801646888060644
TVAE_25000_0,5.336059042628461,5.801646888060644
TVAE_25000_0,5.328547237998021,5.801646888060644
TVAE_25000_0,5.3455983207607565,5.801646888060644
TVAE_25000_0,5.363211983282754,5.801646888060644
TVAE_25000_0,5.326728631756697,5.801646888060644
TVAE_25000_0,5.432317820934349,5.801646888060644
TVAE_25000_0,5.361623114277167,5.801646888060644
TVAE_25000_0,5.366710882898227,5.801646888060644
TVAE_25000_0,5.322109434247088,5.801646888060644
TVAE_25000_0,5.375412993607377,5.801646888060644
TVAE_25000_0,5.369770004118865,5.801646888060644
TVAE_25000_0,5.3491974355296055,5.801646888060644
TVAE_25000_0,5.389666649239702,5.801646888060644
TVAE_25000_0,5.3757798934875725,5.801646888060644
TVAE_25000_0,5.39171455892397,5.801646888060644
TVAE_25000_0,5.365737762099654,5.801646888060644
TVAE_25000_0,5.345859357591138,5.801646888060644
TVAE_25000_0,5.366893936434222,5.801646888060644
TVAE_25000_0,5.390159392619979,5.801646888060644
TVAE_25000_0,5.374911481456843,5.801646888060644
TVAE_25000_0,5.351894211586585,5.801646888060644
TVAE_25000_0,5.275948232728808,5.801646888060644
TVAE_25000_0,5.3414410348865164,5.801646888060644
TVAE_25000_0,5.319481014027124,5.801646888060644
TVAE_25000_0,5.314818200971251,5.801646888060644
TVAE_25000_0,5.337839072135616,5.801646888060644
TVAE_25000_0,5.357297183110316,5.801646888060644
TVAE_25000_0,5.373441529959973,5.801646888060644
TVAE_25000_0,5.409156795239805,5.801646888060644
TVAE_25000_0,5.401062897466822,5.801646888060644
TVAE_25000_0,5.362447378936456,5.801646888060644
TVAE_25000_0,5.334790378451568,5.801646888060644
TVAE_25000_0,5.4156592305818565,5.801646888060644
TVAE_25000_0,5.372323162336876,5.801646888060644
TVAE_25000_0,5.438386934518232,5.801646888060644
TVAE_25000_0,5.354311765934541,5.801646888060644
TVAE_25000_0,5.332954247141052,5.801646888060644
TVAE_25000_0,5.401716483110014,5.801646888060644
TVAE_25000_0,5.33903256232035,5.801646888060644
TVAE_25000_0,5.390995014897298,5.801646888060644
TVAE_25000_0,5.412625695739018,5.801646888060644
TVAE_25000_0,5.35058169611253,5.801646888060644
TVAE_25000_0,5.36680696023252,5.801646888060644
TVAE_25000_0,5.341689682225346,5.801646888060644
TVAE_25000_0,5.391345564876806,5.801646888060644
TVAE_25000_0,5.293719005971089,5.801646888060644
TVAE_25000_0,5.337653101822879,5.801646888060644
TVAE_25000_0,5.402797353813098,5.801646888060644
TVAE_25000_0,5.321130291773035,5.801646888060644
TVAE_25000_0,5.345984488286089,5.801646888060644
TVAE_25000_0,5.353050515310194,5.801646888060644
TVAE_25000_0,5.37621240735609,5.801646888060644
TVAE_25000_0,5.393239087590531,5.801646888060644
TVAE_25000_0,5.3872620096512325,5.801646888060644
TVAE_25000_0,5.3157340083885085,5.801646888060644
TVAE_25000_0,5.32638378965675,5.801646888060644
TVAE_25000_0,5.301639371092418,5.801646888060644
TVAE_25000_0,5.378068336418562,5.801646888060644
TVAE_25000_0,5.349088529921347,5.801646888060644
CTGAN_25000_0,7.105351036545455,5.801646888060644
CTGAN_25000_0,7.151709460894159,5.801646888060644
CTGAN_25000_0,7.043786403318069,5.801646888060644
CTGAN_25000_0,6.986187348749882,5.801646888060644
CTGAN_25000_0,7.131800762906626,5.801646888060644
CTGAN_25000_0,7.101154196317717,5.801646888060644
CTGAN_25000_0,7.122613906338371,5.801646888060644
CTGAN_25000_0,7.080034456680098,5.801646888060644
CTGAN_25000_0,7.02956221560756,5.801646888060644
CTGAN_25000_0,7.060724598439064,5.801646888060644
CTGAN_25000_0,7.101473689968699,5.801646888060644
CTGAN_25000_0,7.062523687554591,5.801646888060644
CTGAN_25000_0,7.025399611119535,5.801646888060644
CTGAN_25000_0,7.063147338641707,5.801646888060644
CTGAN_25000_0,7.143725082051303,5.801646888060644
CTGAN_25000_0,7.110310822656847,5.801646888060644
CTGAN_25000_0,7.081824499138376,5.801646888060644
CTGAN_25000_0,7.062142249394614,5.801646888060644
CTGAN_25000_0,7.1310431549552025,5.801646888060644
CTGAN_25000_0,7.064372579196023,5.801646888060644
CTGAN_25000_0,6.965572407241671,5.801646888060644
CTGAN_25000_0,7.104325869447249,5.801646888060644
CTGAN_25000_0,7.096054218615509,5.801646888060644
CTGAN_25000_0,7.067895219645143,5.801646888060644
CTGAN_25000_0,7.152217363145527,5.801646888060644
CTGAN_25000_0,7.14644091240266,5.801646888060644
CTGAN_25000_0,7.048900370024495,5.801646888060644
CTGAN_25000_0,7.145413577790104,5.801646888060644
CTGAN_25000_0,7.209350487377657,5.801646888060644
CTGAN_25000_0,7.156684892120493,5.801646888060644
CTGAN_25000_0,7.16710173385372,5.801646888060644
CTGAN_25000_0,7.212726341897962,5.801646888060644
CTGAN_25000_0,7.121632938739326,5.801646888060644
CTGAN_25000_0,7.132962310848012,5.801646888060644
CTGAN_25000_0,7.112546794182441,5.801646888060644
CTGAN_25000_0,7.139332016665378,5.801646888060644
CTGAN_25000_0,7.089677000829864,5.801646888060644
CTGAN_25000_0,7.062438819708406,5.801646888060644
CTGAN_25000_0,7.106842767463293,5.801646888060644
CTGAN_25000_0,7.065071432201227,5.801646888060644
CTGAN_25000_0,7.095011710181851,5.801646888060644
CTGAN_25000_0,7.117223528593445,5.801646888060644
CTGAN_25000_0,7.089224438559714,5.801646888060644
CTGAN_25000_0,7.139640950255982,5.801646888060644
CTGAN_25000_0,7.099281940094504,5.801646888060644
CTGAN_25000_0,7.053650442684318,5.801646888060644
CTGAN_25000_0,7.134449048209925,5.801646888060644
CTGAN_25000_0,7.174581933701125,5.801646888060644
CTGAN_25000_0,7.042245722550115,5.801646888060644
CTGAN_25000_0,7.0874368114167465,5.801646888060644
CTGAN_25000_0,7.216314964545402,5.801646888060644
CTGAN_25000_0,7.104131840559452,5.801646888060644
CTGAN_25000_0,7.062559384206622,5.801646888060644
CTGAN_25000_0,7.179024461462804,5.801646888060644
CTGAN_25000_0,7.083748643046926,5.801646888060644
CTGAN_25000_0,7.186274756343726,5.801646888060644
CTGAN_25000_0,7.130465452922738,5.801646888060644
CTGAN_25000_0,7.148675912285578,5.801646888060644
CTGAN_25000_0,6.990899084356525,5.801646888060644
CTGAN_25000_0,7.0151694508857805,5.801646888060644
CTGAN_25000_0,7.082856316831794,5.801646888060644
CTGAN_25000_0,7.120410142851879,5.801646888060644
CTGAN_25000_0,7.127970623681856,5.801646888060644
CTGAN_25000_0,7.078542522272566,5.801646888060644
CTGAN_25000_0,7.07534657069818,5.801646888060644
CTGAN_25000_0,7.009542156560852,5.801646888060644
CTGAN_25000_0,7.12724310024281,5.801646888060644
CTGAN_25000_0,7.089915371210948,5.801646888060644
CTGAN_25000_0,7.026436359263569,5.801646888060644
CTGAN_25000_0,7.086288461721603,5.801646888060644
CTGAN_25000_0,7.14913860523871,5.801646888060644
CTGAN_25000_0,7.036280483457776,5.801646888060644
CTGAN_25000_0,7.075983801421484,5.801646888060644
CTGAN_25000_0,7.1412781933654585,5.801646888060644
CTGAN_25000_0,7.046554307484598,5.801646888060644
CTGAN_25000_0,7.090267277691898,5.801646888060644
CTGAN_25000_0,6.991983366681059,5.801646888060644
CTGAN_25000_0,7.134825133444198,5.801646888060644
CTGAN_25000_0,7.14526747947221,5.801646888060644
CTGAN_25000_0,7.118394144189094,5.801646888060644
CTGAN_25000_0,7.080150737484837,5.801646888060644
CTGAN_25000_0,7.19501124907309,5.801646888060644
CTGAN_25000_0,7.11955367850792,5.801646888060644
CTGAN_25000_0,7.031662771772841,5.801646888060644
CTGAN_25000_0,7.12775708655744,5.801646888060644
CTGAN_25000_0,7.019960265899061,5.801646888060644
CTGAN_25000_0,7.146444756005453,5.801646888060644
CTGAN_25000_0,7.05342988609866,5.801646888060644
CTGAN_25000_0,7.141846226117155,5.801646888060644
CTGAN_25000_0,7.066380803045012,5.801646888060644
CTGAN_25000_0,7.11116130826146,5.801646888060644
CTGAN_25000_0,7.075219638714408,5.801646888060644
CTGAN_25000_0,7.137671660973226,5.801646888060644
CTGAN_25000_0,7.075522970039023,5.801646888060644
CTGAN_25000_0,7.136589043208268,5.801646888060644
CTGAN_25000_0,7.078907581553592,5.801646888060644
CTGAN_25000_0,7.081849873562507,5.801646888060644
CTGAN_25000_0,7.067382752533568,5.801646888060644
CTGAN_25000_0,7.071777861354948,5.801646888060644
CTGAN_25000_0,7.063483558416777,5.801646888060644
TVAE_25000_10,6.369107643646781,5.813898361068464
TVAE_25000_10,6.271597146211743,5.813898361068464
TVAE_25000_10,6.3838872587012245,5.813898361068464
TVAE_25000_10,6.351885891647447,5.813898361068464
TVAE_25000_10,6.38183039632384,5.813898361068464
TVAE_25000_10,6.336315146311589,5.813898361068464
TVAE_25000_10,6.383590948567101,5.813898361068464
TVAE_25000_10,6.335968212558081,5.813898361068464
TVAE_25000_10,6.359556639874532,5.813898361068464
TVAE_25000_10,6.337083179907568,5.813898361068464
TVAE_25000_10,6.284882696246128,5.813898361068464
TVAE_25000_10,6.22536035082001,5.813898361068464
TVAE_25000_10,6.3433004123666015,5.813898361068464
TVAE_25000_10,6.36442446706416,5.813898361068464
TVAE_25000_10,6.303974468793999,5.813898361068464
TVAE_25000_10,6.330378402663787,5.813898361068464
TVAE_25000_10,6.334176286168919,5.813898361068464
TVAE_25000_10,6.317801390375763,5.813898361068464
TVAE_25000_10,6.399586114666246,5.813898361068464
TVAE_25000_10,6.341059223408164,5.813898361068464
TVAE_25000_10,6.349511962377628,5.813898361068464
TVAE_25000_10,6.421293661675724,5.813898361068464
TVAE_25000_10,6.363250931066103,5.813898361068464
TVAE_25000_10,6.339444467674946,5.813898361068464
TVAE_25000_10,6.384480843687486,5.813898361068464
TVAE_25000_10,6.382788814013955,5.813898361068464
TVAE_25000_10,6.38927981367596,5.813898361068464
TVAE_25000_10,6.369244101354871,5.813898361068464
TVAE_25000_10,6.322585619750564,5.813898361068464
TVAE_25000_10,6.2599235343320885,5.813898361068464
TVAE_25000_10,6.362968043888012,5.813898361068464
TVAE_25000_10,6.327438124548555,5.813898361068464
TVAE_25000_10,6.340716001228774,5.813898361068464
TVAE_25000_10,6.380982491821294,5.813898361068464
TVAE_25000_10,6.310143560915958,5.813898361068464
TVAE_25000_10,6.342477656043799,5.813898361068464
TVAE_25000_10,6.370400141727055,5.813898361068464
TVAE_25000_10,6.314023246956878,5.813898361068464
TVAE_25000_10,6.42749877892002,5.813898361068464
TVAE_25000_10,6.3515469691346205,5.813898361068464
TVAE_25000_10,6.4114429784477895,5.813898361068464
TVAE_25000_10,6.382174784897449,5.813898361068464
TVAE_25000_10,6.3182114583791416,5.813898361068464
TVAE_25000_10,6.3826183785209984,5.813898361068464
TVAE_25000_10,6.444833395967736,5.813898361068464
TVAE_25000_10,6.350838774910824,5.813898361068464
TVAE_25000_10,6.304126623276219,5.813898361068464
TVAE_25000_10,6.344714057509061,5.813898361068464
TVAE_25000_10,6.337028751207697,5.813898361068464
TVAE_25000_10,6.363656751223354,5.813898361068464
TVAE_25000_10,6.395734265651167,5.813898361068464
TVAE_25000_10,6.384473886632772,5.813898361068464
TVAE_25000_10,6.373236181068313,5.813898361068464
TVAE_25000_10,6.303473589439998,5.813898361068464
TVAE_25000_10,6.324017781615317,5.813898361068464
TVAE_25000_10,6.381104705266219,5.813898361068464
TVAE_25000_10,6.376563909544201,5.813898361068464
TVAE_25000_10,6.377857382761645,5.813898361068464
TVAE_25000_10,6.320571723863681,5.813898361068464
TVAE_25000_10,6.398981236517399,5.813898361068464
TVAE_25000_10,6.387760563476219,5.813898361068464
TVAE_25000_10,6.338367046956878,5.813898361068464
TVAE_25000_10,6.34741330146066,5.813898361068464
TVAE_25000_10,6.42615020616168,5.813898361068464
TVAE_25000_10,6.267151582027069,5.813898361068464
TVAE_25000_10,6.367620443791916,5.813898361068464
TVAE_25000_10,6.28717382212843,5.813898361068464
TVAE_25000_10,6.29088514986608,5.813898361068464
TVAE_25000_10,6.3452366233564845,5.813898361068464
TVAE_25000_10,6.280865086171509,5.813898361068464
TVAE_25000_10,6.3963964885179205,5.813898361068464
TVAE_25000_10,6.321907702815447,5.813898361068464
TVAE_25000_10,6.278092268767946,5.813898361068464
TVAE_25000_10,6.342104083681138,5.813898361068464
TVAE_25000_10,6.307767827047016,5.813898361068464
TVAE_25000_10,6.347875666110428,5.813898361068464
TVAE_25000_10,6.36424661035255,5.813898361068464
TVAE_25000_10,6.3936778657091455,5.813898361068464
TVAE_25000_10,6.322340778770771,5.813898361068464
TVAE_25000_10,6.301323385586527,5.813898361068464
TVAE_25000_10,6.337657321614233,5.813898361068464
TVAE_25000_10,6.342211386841597,5.813898361068464
TVAE_25000_10,6.326176656993463,5.813898361068464
TVAE_25000_10,6.288007314118885,5.813898361068464
TVAE_25000_10,6.38394354801072,5.813898361068464
TVAE_25000_10,6.328437583891707,5.813898361068464
TVAE_25000_10,6.326181792027272,5.813898361068464
TVAE_25000_10,6.3141038041412205,5.813898361068464
TVAE_25000_10,6.3892855708938106,5.813898361068464
TVAE_25000_10,6.273960733010865,5.813898361068464
TVAE_25000_10,6.31475312096496,5.813898361068464
TVAE_25000_10,6.426454683787645,5.813898361068464
TVAE_25000_10,6.361167802037313,5.813898361068464
TVAE_25000_10,6.331329680582742,5.813898361068464
TVAE_25000_10,6.22670223439369,5.813898361068464
TVAE_25000_10,6.296399977028635,5.813898361068464
TVAE_25000_10,6.323453847332386,5.813898361068464
TVAE_25000_10,6.370376008933322,5.813898361068464
TVAE_25000_10,6.325892302567658,5.813898361068464
TVAE_25000_10,6.345154755446759,5.813898361068464
CTGAN_25000_10,7.872318636063319,5.813898361068464
CTGAN_25000_10,7.890520177800914,5.813898361068464
CTGAN_25000_10,8.009123812888792,5.813898361068464
CTGAN_25000_10,7.913541421581786,5.813898361068464
CTGAN_25000_10,8.025110298884805,5.813898361068464
CTGAN_25000_10,7.86326369383981,5.813898361068464
CTGAN_25000_10,8.026192346925948,5.813898361068464
CTGAN_25000_10,7.907156259950585,5.813898361068464
CTGAN_25000_10,7.939276135724723,5.813898361068464
CTGAN_25000_10,7.90164655746338,5.813898361068464
CTGAN_25000_10,7.902655423013021,5.813898361068464
CTGAN_25000_10,7.931581782913144,5.813898361068464
CTGAN_25000_10,7.939794744339032,5.813898361068464
CTGAN_25000_10,7.805281334984767,5.813898361068464
CTGAN_25000_10,7.89236684162551,5.813898361068464
CTGAN_25000_10,7.915955708675959,5.813898361068464
CTGAN_25000_10,7.972090511237781,5.813898361068464
CTGAN_25000_10,7.967851903672664,5.813898361068464
CTGAN_25000_10,7.871154307384749,5.813898361068464
CTGAN_25000_10,7.890372811195124,5.813898361068464
CTGAN_25000_10,7.989379221397691,5.813898361068464
CTGAN_25000_10,7.9194410976067955,5.813898361068464
CTGAN_25000_10,7.905892877452709,5.813898361068464
CTGAN_25000_10,7.895765404515129,5.813898361068464
CTGAN_25000_10,8.057998237634756,5.813898361068464
CTGAN_25000_10,7.957560702122175,5.813898361068464
CTGAN_25000_10,7.889835214102699,5.813898361068464
CTGAN_25000_10,7.910655796247376,5.813898361068464
CTGAN_25000_10,7.88102604016464,5.813898361068464
CTGAN_25000_10,7.979805494536741,5.813898361068464
CTGAN_25000_10,7.930062859514765,5.813898361068464
CTGAN_25000_10,7.956369916365261,5.813898361068464
CTGAN_25000_10,7.8547646985003166,5.813898361068464
CTGAN_25000_10,7.983546535422098,5.813898361068464
CTGAN_25000_10,7.983748173684335,5.813898361068464
CTGAN_25000_10,7.879280667953506,5.813898361068464
CTGAN_25000_10,7.902891291457204,5.813898361068464
CTGAN_25000_10,7.846525032039935,5.813898361068464
CTGAN_25000_10,7.882789515221591,5.813898361068464
CTGAN_25000_10,7.9034151958501555,5.813898361068464
CTGAN_25000_10,7.984377265086429,5.813898361068464
CTGAN_25000_10,7.998411434564106,5.813898361068464
CTGAN_25000_10,7.847326441788875,5.813898361068464
CTGAN_25000_10,7.985929098489869,5.813898361068464
CTGAN_25000_10,7.874524135906976,5.813898361068464
CTGAN_25000_10,7.912352406435088,5.813898361068464
CTGAN_25000_10,8.042981631916943,5.813898361068464
CTGAN_25000_10,7.947210179102768,5.813898361068464
CTGAN_25000_10,7.843325886699397,5.813898361068464
CTGAN_25000_10,7.970621632189503,5.813898361068464
CTGAN_25000_10,7.946410433856807,5.813898361068464
CTGAN_25000_10,7.915435073952215,5.813898361068464
CTGAN_25000_10,8.036754987237941,5.813898361068464
CTGAN_25000_10,7.924496793289466,5.813898361068464
CTGAN_25000_10,7.901393748600239,5.813898361068464
CTGAN_25000_10,7.904800019472216,5.813898361068464
CTGAN_25000_10,7.811775300228589,5.813898361068464
CTGAN_25000_10,7.891924815461266,5.813898361068464
CTGAN_25000_10,7.911224239357351,5.813898361068464
CTGAN_25000_10,7.910790299579642,5.813898361068464
CTGAN_25000_10,7.997820557525583,5.813898361068464
CTGAN_25000_10,7.801138796429685,5.813898361068464
CTGAN_25000_10,7.837610927564057,5.813898361068464
CTGAN_25000_10,7.894339437535007,5.813898361068464
CTGAN_25000_10,7.814865768214768,5.813898361068464
CTGAN_25000_10,7.931214349376562,5.813898361068464
CTGAN_25000_10,7.841543373069868,5.813898361068464
CTGAN_25000_10,7.882267811891898,5.813898361068464
CTGAN_25000_10,7.914614986835214,5.813898361068464
CTGAN_25000_10,7.839947923689005,5.813898361068464
CTGAN_25000_10,7.845845586289831,5.813898361068464
CTGAN_25000_10,7.954797409947614,5.813898361068464
CTGAN_25000_10,7.953535409309015,5.813898361068464
CTGAN_25000_10,7.874621086198884,5.813898361068464
CTGAN_25000_10,7.927406396771684,5.813898361068464
CTGAN_25000_10,7.843924357936947,5.813898361068464
CTGAN_25000_10,7.948941317136675,5.813898361068464
CTGAN_25000_10,7.863694804634669,5.813898361068464
CTGAN_25000_10,7.950591279299266,5.813898361068464
CTGAN_25000_10,7.887741557421753,5.813898361068464
CTGAN_25000_10,7.956130596019941,5.813898361068464
CTGAN_25000_10,7.89275396625734,5.813898361068464
CTGAN_25000_10,7.931986546955559,5.813898361068464
CTGAN_25000_10,7.769973606731921,5.813898361068464
CTGAN_25000_10,7.852373027692576,5.813898361068464
CTGAN_25000_10,7.955528592594703,5.813898361068464
CTGAN_25000_10,7.843635344482807,5.813898361068464
CTGAN_25000_10,7.875457527487811,5.813898361068464
CTGAN_25000_10,7.83681567141704,5.813898361068464
CTGAN_25000_10,7.9166988896061,5.813898361068464
CTGAN_25000_10,7.899643387709372,5.813898361068464
CTGAN_25000_10,7.951900165091176,5.813898361068464
CTGAN_25000_10,7.939400482910244,5.813898361068464
CTGAN_25000_10,7.82962467045426,5.813898361068464
CTGAN_25000_10,7.890583681476381,5.813898361068464
CTGAN_25000_10,7.943151725073454,5.813898361068464
CTGAN_25000_10,8.006325001809248,5.813898361068464
CTGAN_25000_10,7.8846743936024115,5.813898361068464
CTGAN_25000_10,7.858061099286535,5.813898361068464
CTGAN_25000_10,7.8266878573464975,5.813898361068464
TVAE_25000_20,9.46462795479738,5.803136960215503
TVAE_25000_20,9.35659874547976,5.803136960215503
TVAE_25000_20,9.400221644996146,5.803136960215503
TVAE_25000_20,9.483108342897305,5.803136960215503
TVAE_25000_20,9.329367909994774,5.803136960215503
TVAE_25000_20,9.390361819167357,5.803136960215503
TVAE_25000_20,9.348628138489476,5.803136960215503
TVAE_25000_20,9.269915386073498,5.803136960215503
TVAE_25000_20,9.416036890306296,5.803136960215503
TVAE_25000_20,9.474726598027823,5.803136960215503
TVAE_25000_20,9.231240955758178,5.803136960215503
TVAE_25000_20,9.51033543798442,5.803136960215503
TVAE_25000_20,9.348390451679428,5.803136960215503
TVAE_25000_20,9.532959987009738,5.803136960215503
TVAE_25000_20,9.30048575333598,5.803136960215503
TVAE_25000_20,9.399424655955082,5.803136960215503
TVAE_25000_20,9.444349505047008,5.803136960215503
TVAE_25000_20,9.530757727428556,5.803136960215503
TVAE_25000_20,9.434279578650564,5.803136960215503
TVAE_25000_20,9.4152757225204,5.803136960215503
TVAE_25000_20,9.407025550777522,5.803136960215503
TVAE_25000_20,9.421280771478392,5.803136960215503
TVAE_25000_20,9.297770319547714,5.803136960215503
TVAE_25000_20,9.454145135395375,5.803136960215503
TVAE_25000_20,9.445551084546596,5.803136960215503
TVAE_25000_20,9.410742073253342,5.803136960215503
TVAE_25000_20,9.544153911436483,5.803136960215503
TVAE_25000_20,9.514594993766828,5.803136960215503
TVAE_25000_20,9.369089114018184,5.803136960215503
TVAE_25000_20,9.31061663017848,5.803136960215503
TVAE_25000_20,9.524389426477825,5.803136960215503
TVAE_25000_20,9.340639045653898,5.803136960215503
TVAE_25000_20,9.507587089746185,5.803136960215503
TVAE_25000_20,9.38680076515114,5.803136960215503
TVAE_25000_20,9.376402690830805,5.803136960215503
TVAE_25000_20,9.495631848533268,5.803136960215503
TVAE_25000_20,9.412345366119478,5.803136960215503
TVAE_25000_20,9.478340432618069,5.803136960215503
TVAE_25000_20,9.321057272684332,5.803136960215503
TVAE_25000_20,9.307255946340302,5.803136960215503
TVAE_25000_20,9.377144502143306,5.803136960215503
TVAE_25000_20,9.512056959032346,5.803136960215503
TVAE_25000_20,9.532738629215851,5.803136960215503
TVAE_25000_20,9.435648413172723,5.803136960215503
TVAE_25000_20,9.358526601214752,5.803136960215503
TVAE_25000_20,9.444889458681075,5.803136960215503
TVAE_25000_20,9.321816602215812,5.803136960215503
TVAE_25000_20,9.436274119280204,5.803136960215503
TVAE_25000_20,9.459639879958765,5.803136960215503
TVAE_25000_20,9.45550402679461,5.803136960215503
TVAE_25000_20,9.54089295312328,5.803136960215503
TVAE_25000_20,9.41375394036802,5.803136960215503
TVAE_25000_20,9.386704633991949,5.803136960215503
TVAE_25000_20,9.44236805415662,5.803136960215503
TVAE_25000_20,9.416911432996104,5.803136960215503
TVAE_25000_20,9.465848518717102,5.803136960215503
TVAE_25000_20,9.445081185910626,5.803136960215503
TVAE_25000_20,9.459684565470564,5.803136960215503
TVAE_25000_20,9.29818784725053,5.803136960215503
TVAE_25000_20,9.542328484807356,5.803136960215503
TVAE_25000_20,9.4278823403774,5.803136960215503
TVAE_25000_20,9.446955572319828,5.803136960215503
TVAE_25000_20,9.313747151811942,5.803136960215503
TVAE_25000_20,9.26643420712615,5.803136960215503
TVAE_25000_20,9.502412561109766,5.803136960215503
TVAE_25000_20,9.44513459552709,5.803136960215503
TVAE_25000_20,9.475681965321945,5.803136960215503
TVAE_25000_20,9.40099687765967,5.803136960215503
TVAE_25000_20,9.57026373223875,5.803136960215503
TVAE_25000_20,9.412876418134593,5.803136960215503
TVAE_25000_20,9.339187305826156,5.803136960215503
TVAE_25000_20,9.36967004580861,5.803136960215503
TVAE_25000_20,9.334980751286375,5.803136960215503
TVAE_25000_20,9.414588681535424,5.803136960215503
TVAE_25000_20,9.44644451748159,5.803136960215503
TVAE_25000_20,9.326625735946768,5.803136960215503
TVAE_25000_20,9.415710718364974,5.803136960215503
TVAE_25000_20,9.498888469172286,5.803136960215503
TVAE_25000_20,9.158755132194669,5.803136960215503
TVAE_25000_20,9.312606557688587,5.803136960215503
TVAE_25000_20,9.310510828174802,5.803136960215503
TVAE_25000_20,9.402477885849326,5.803136960215503
TVAE_25000_20,9.386644902476217,5.803136960215503
TVAE_25000_20,9.387010086321066,5.803136960215503
TVAE_25000_20,9.49707184662146,5.803136960215503
TVAE_25000_20,9.391779994388497,5.803136960215503
TVAE_25000_20,9.19108930989621,5.803136960215503
TVAE_25000_20,9.42870771466381,5.803136960215503
TVAE_25000_20,9.493511799204825,5.803136960215503
TVAE_25000_20,9.386770520001926,5.803136960215503
TVAE_25000_20,9.570143976221445,5.803136960215503
TVAE_25000_20,9.57732201353262,5.803136960215503
TVAE_25000_20,9.339610406718831,5.803136960215503
TVAE_25000_20,9.359833181527666,5.803136960215503
TVAE_25000_20,9.493259813833587,5.803136960215503
TVAE_25000_20,9.425184136812238,5.803136960215503
TVAE_25000_20,9.398170874205226,5.803136960215503
TVAE_25000_20,9.49527777492334,5.803136960215503
TVAE_25000_20,9.36394888541479,5.803136960215503
TVAE_25000_20,9.403832393503148,5.803136960215503
CTGAN_25000_20,7.728692102618237,5.803136960215503
CTGAN_25000_20,7.830850340686426,5.803136960215503
CTGAN_25000_20,7.892645617320608,5.803136960215503
CTGAN_25000_20,7.768220062681597,5.803136960215503
CTGAN_25000_20,7.880000240392889,5.803136960215503
CTGAN_25000_20,7.732524338501095,5.803136960215503
CTGAN_25000_20,7.897059691194374,5.803136960215503
CTGAN_25000_20,7.82847990718538,5.803136960215503
CTGAN_25000_20,7.740723831963928,5.803136960215503
CTGAN_25000_20,7.881766257565071,5.803136960215503
CTGAN_25000_20,7.900079455648475,5.803136960215503
CTGAN_25000_20,7.818390103759164,5.803136960215503
CTGAN_25000_20,7.866829324435697,5.803136960215503
CTGAN_25000_20,7.79284611564862,5.803136960215503
CTGAN_25000_20,7.88984893902011,5.803136960215503
CTGAN_25000_20,7.852763268315617,5.803136960215503
CTGAN_25000_20,7.875219614600269,5.803136960215503
CTGAN_25000_20,7.909681765912689,5.803136960215503
CTGAN_25000_20,7.777678371536735,5.803136960215503
CTGAN_25000_20,7.739063906660439,5.803136960215503
CTGAN_25000_20,7.736148097632466,5.803136960215503
CTGAN_25000_20,7.805872709045779,5.803136960215503
CTGAN_25000_20,7.883440990369389,5.803136960215503
CTGAN_25000_20,7.869701223590463,5.803136960215503
CTGAN_25000_20,7.835892437072227,5.803136960215503
CTGAN_25000_20,7.725684428710048,5.803136960215503
CTGAN_25000_20,7.924431401249845,5.803136960215503
CTGAN_25000_20,7.817706153901486,5.803136960215503
CTGAN_25000_20,7.8125468862431,5.803136960215503
CTGAN_25000_20,7.846652382444802,5.803136960215503
CTGAN_25000_20,7.892415739933196,5.803136960215503
CTGAN_25000_20,7.840095901725192,5.803136960215503
CTGAN_25000_20,7.688756445271335,5.803136960215503
CTGAN_25000_20,7.694672237526541,5.803136960215503
CTGAN_25000_20,7.669315301844503,5.803136960215503
CTGAN_25000_20,7.696612811922654,5.803136960215503
CTGAN_25000_20,7.882864448307548,5.803136960215503
CTGAN_25000_20,7.8007662571471155,5.803136960215503
CTGAN_25000_20,7.703539074296644,5.803136960215503
CTGAN_25000_20,7.785377393237583,5.803136960215503
CTGAN_25000_20,7.843517050549487,5.803136960215503
CTGAN_25000_20,7.873194187588787,5.803136960215503
CTGAN_25000_20,7.856913172888601,5.803136960215503
CTGAN_25000_20,7.808997550135423,5.803136960215503
CTGAN_25000_20,7.887050431864859,5.803136960215503
CTGAN_25000_20,7.87940855231075,5.803136960215503
CTGAN_25000_20,7.858759460619074,5.803136960215503
CTGAN_25000_20,7.80938691745357,5.803136960215503
CTGAN_25000_20,7.83737573470345,5.803136960215503
CTGAN_25000_20,7.80504409544055,5.803136960215503
CTGAN_25000_20,7.838784591247652,5.803136960215503
CTGAN_25000_20,7.729424416735327,5.803136960215503
CTGAN_25000_20,7.750056855832343,5.803136960215503
CTGAN_25000_20,7.870437587498475,5.803136960215503
CTGAN_25000_20,7.839331863754555,5.803136960215503
CTGAN_25000_20,8.006764900938633,5.803136960215503
CTGAN_25000_20,7.756528602460167,5.803136960215503
CTGAN_25000_20,7.777996524786071,5.803136960215503
CTGAN_25000_20,7.830154539463656,5.803136960215503
CTGAN_25000_20,7.769126771099792,5.803136960215503
CTGAN_25000_20,7.71858793820369,5.803136960215503
CTGAN_25000_20,7.827866485487337,5.803136960215503
CTGAN_25000_20,7.7403215325101,5.803136960215503
CTGAN_25000_20,7.78656677655588,5.803136960215503
CTGAN_25000_20,7.8772280023254115,5.803136960215503
CTGAN_25000_20,7.940585196995142,5.803136960215503
CTGAN_25000_20,7.874249588716957,5.803136960215503
CTGAN_25000_20,7.897118371770233,5.803136960215503
CTGAN_25000_20,7.795031218385806,5.803136960215503
CTGAN_25000_20,7.738877578074657,5.803136960215503
CTGAN_25000_20,7.825751428249395,5.803136960215503
CTGAN_25000_20,7.732478582103833,5.803136960215503
CTGAN_25000_20,7.895938473206795,5.803136960215503
CTGAN_25000_20,7.801007071024543,5.803136960215503
CTGAN_25000_20,7.856808064196682,5.803136960215503
CTGAN_25000_20,7.847132009765792,5.803136960215503
CTGAN_25000_20,7.770334272899089,5.803136960215503
CTGAN_25000_20,7.827742405041898,5.803136960215503
CTGAN_25000_20,7.794579073271601,5.803136960215503
CTGAN_25000_20,7.773415744285994,5.803136960215503
CTGAN_25000_20,7.836663370105688,5.803136960215503
CTGAN_25000_20,7.742145000749446,5.803136960215503
CTGAN_25000_20,7.784732134323379,5.803136960215503
CTGAN_25000_20,8.006298789238276,5.803136960215503
CTGAN_25000_20,7.823568772798995,5.803136960215503
CTGAN_25000_20,7.790428843205615,5.803136960215503
CTGAN_25000_20,7.8324422785056225,5.803136960215503
CTGAN_25000_20,7.858073807832366,5.803136960215503
CTGAN_25000_20,7.696203253369077,5.803136960215503
CTGAN_25000_20,7.70906185993347,5.803136960215503
CTGAN_25000_20,7.704588185970661,5.803136960215503
CTGAN_25000_20,7.952051473814893,5.803136960215503
CTGAN_25000_20,7.820536267760251,5.803136960215503
CTGAN_25000_20,7.75921250618642,5.803136960215503
CTGAN_25000_20,7.896027980612973,5.803136960215503
CTGAN_25000_20,7.889786630700331,5.803136960215503
CTGAN_25000_20,7.846046032212715,5.803136960215503
CTGAN_25000_20,7.875227824544376,5.803136960215503
CTGAN_25000_20,7.827306323383032,5.803136960215503
CTGAN_25000_20,7.8970419655796515,5.803136960215503
TVAE_50000_0,6.226104660977908,5.789036498320304
TVAE_50000_0,6.253662069133561,5.789036498320304
TVAE_50000_0,6.295153572476049,5.789036498320304
TVAE_50000_0,6.25024235939153,5.789036498320304
TVAE_50000_0,6.205249656762575,5.789036498320304
TVAE_50000_0,6.198888059398167,5.789036498320304
TVAE_50000_0,6.254510287059729,5.789036498320304
TVAE_50000_0,6.193058773410203,5.789036498320304
TVAE_50000_0,6.211512536212199,5.789036498320304
TVAE_50000_0,6.2329196692450095,5.789036498320304
TVAE_50000_0,6.256894703796495,5.789036498320304
TVAE_50000_0,6.206948428014945,5.789036498320304
TVAE_50000_0,6.186019612587463,5.789036498320304
TVAE_50000_0,6.188676373873478,5.789036498320304
TVAE_50000_0,6.240577410509559,5.789036498320304
TVAE_50000_0,6.227644217654516,5.789036498320304
TVAE_50000_0,6.166283660508329,5.789036498320304
TVAE_50000_0,6.213420146583468,5.789036498320304
TVAE_50000_0,6.177697353575892,5.789036498320304
TVAE_50000_0,6.230403321466786,5.789036498320304
TVAE_50000_0,6.269191933818002,5.789036498320304
TVAE_50000_0,6.246537310573759,5.789036498320304
TVAE_50000_0,6.209188536928733,5.789036498320304
TVAE_50000_0,6.252912667777002,5.789036498320304
TVAE_50000_0,6.234110900476439,5.789036498320304
TVAE_50000_0,6.235654934639584,5.789036498320304
TVAE_50000_0,6.2366303686460105,5.789036498320304
TVAE_50000_0,6.226217969685281,5.789036498320304
TVAE_50000_0,6.195265777772294,5.789036498320304
TVAE_50000_0,6.218479425469378,5.789036498320304
TVAE_50000_0,6.187185282229919,5.789036498320304
TVAE_50000_0,6.284185728847886,5.789036498320304
TVAE_50000_0,6.228424876756224,5.789036498320304
TVAE_50000_0,6.23316562540264,5.789036498320304
TVAE_50000_0,6.20854412843593,5.789036498320304
TVAE_50000_0,6.189276599524909,5.789036498320304
TVAE_50000_0,6.213341536907383,5.789036498320304
TVAE_50000_0,6.167326419506034,5.789036498320304
TVAE_50000_0,6.175704474368863,5.789036498320304
TVAE_50000_0,6.195796838976429,5.789036498320304
TVAE_50000_0,6.194334946057807,5.789036498320304
TVAE_50000_0,6.208824458236733,5.789036498320304
TVAE_50000_0,6.20951176209366,5.789036498320304
TVAE_50000_0,6.220797454583725,5.789036498320304
TVAE_50000_0,6.243490798757702,5.789036498320304
TVAE_50000_0,6.242687328188857,5.789036498320304
TVAE_50000_0,6.195146220290701,5.789036498320304
TVAE_50000_0,6.286632782233971,5.789036498320304
TVAE_50000_0,6.205293483742089,5.789036498320304
TVAE_50000_0,6.205635945794038,5.789036498320304
TVAE_50000_0,6.238130967120277,5.789036498320304
TVAE_50000_0,6.221108422279896,5.789036498320304
TVAE_50000_0,6.220874860055252,5.789036498320304
TVAE_50000_0,6.204229051403777,5.789036498320304
TVAE_50000_0,6.1969057387803534,5.789036498320304
TVAE_50000_0,6.191236588802349,5.789036498320304
TVAE_50000_0,6.196843713250091,5.789036498320304
TVAE_50000_0,6.222724203534316,5.789036498320304
TVAE_50000_0,6.161172512653968,5.789036498320304
TVAE_50000_0,6.209517045569946,5.789036498320304
TVAE_50000_0,6.224906266354172,5.789036498320304
TVAE_50000_0,6.24552582600273,5.789036498320304
TVAE_50000_0,6.242611503372153,5.789036498320304
TVAE_50000_0,6.2151363499556656,5.789036498320304
TVAE_50000_0,6.194676438182091,5.789036498320304
TVAE_50000_0,6.188809167124056,5.789036498320304
TVAE_50000_0,6.21329185681996,5.789036498320304
TVAE_50000_0,6.254335048566559,5.789036498320304
TVAE_50000_0,6.233446042874134,5.789036498320304
TVAE_50000_0,6.240868019223129,5.789036498320304
TVAE_50000_0,6.172690424596628,5.789036498320304
TVAE_50000_0,6.23782233752293,5.789036498320304
TVAE_50000_0,6.183883071853328,5.789036498320304
TVAE_50000_0,6.217530655923705,5.789036498320304
TVAE_50000_0,6.256919552251131,5.789036498320304
TVAE_50000_0,6.183374639332742,5.789036498320304
TVAE_50000_0,6.24113226347144,5.789036498320304
TVAE_50000_0,6.29334677486292,5.789036498320304
TVAE_50000_0,6.266648291727972,5.789036498320304
TVAE_50000_0,6.210191383492281,5.789036498320304
TVAE_50000_0,6.252570213943769,5.789036498320304
TVAE_50000_0,6.253460400394927,5.789036498320304
TVAE_50000_0,6.163468509294764,5.789036498320304
TVAE_50000_0,6.1805553463306016,5.789036498320304
TVAE_50000_0,6.233833315366239,5.789036498320304
TVAE_50000_0,6.242739319617278,5.789036498320304
TVAE_50000_0,6.215123029426792,5.789036498320304
TVAE_50000_0,6.210673541173277,5.789036498320304
TVAE_50000_0,6.230761917438221,5.789036498320304
TVAE_50000_0,6.221974918362901,5.789036498320304
TVAE_50000_0,6.263004113999502,5.789036498320304
TVAE_50000_0,6.26234803949854,5.789036498320304
TVAE_50000_0,6.234739091132718,5.789036498320304
TVAE_50000_0,6.197222346291367,5.789036498320304
TVAE_50000_0,6.271066989071674,5.789036498320304
TVAE_50000_0,6.200526718459263,5.789036498320304
TVAE_50000_0,6.255532628583923,5.789036498320304
TVAE_50000_0,6.226200242385586,5.789036498320304
TVAE_50000_0,6.212568607541895,5.789036498320304
TVAE_50000_0,6.212405055876109,5.789036498320304
CTGAN_50000_0,6.850336305960278,5.789036498320304
CTGAN_50000_0,6.822595269653438,5.789036498320304
CTGAN_50000_0,6.823269821088448,5.789036498320304
CTGAN_50000_0,6.77502001771056,5.789036498320304
CTGAN_50000_0,6.882684069298255,5.789036498320304
CTGAN_50000_0,6.881379989178714,5.789036498320304
CTGAN_50000_0,6.838116026702667,5.789036498320304
CTGAN_50000_0,6.857692671592775,5.789036498320304
CTGAN_50000_0,6.76436976813681,5.789036498320304
CTGAN_50000_0,6.84563470188461,5.789036498320304
CTGAN_50000_0,6.843728319203839,5.789036498320304
CTGAN_50000_0,6.870973847410523,5.789036498320304
CTGAN_50000_0,6.844108889996963,5.789036498320304
CTGAN_50000_0,6.792165840162315,5.789036498320304
CTGAN_50000_0,6.782733675929275,5.789036498320304
CTGAN_50000_0,6.817514467099933,5.789036498320304
CTGAN_50000_0,6.82943417287802,5.789036498320304
CTGAN_50000_0,6.888807642514917,5.789036498320304
CTGAN_50000_0,6.851497773287399,5.789036498320304
CTGAN_50000_0,6.854593069132065,5.789036498320304
CTGAN_50000_0,6.821010780698114,5.789036498320304
CTGAN_50000_0,6.842312215003989,5.789036498320304
CTGAN_50000_0,6.870241413726921,5.789036498320304
CTGAN_50000_0,6.84547989842841,5.789036498320304
CTGAN_50000_0,6.829085442342587,5.789036498320304
CTGAN_50000_0,6.835473794122448,5.789036498320304
CTGAN_50000_0,6.837383216911363,5.789036498320304
CTGAN_50000_0,6.816399754629826,5.789036498320304
CTGAN_50000_0,6.90702067311324,5.789036498320304
CTGAN_50000_0,6.836358501093962,5.789036498320304
CTGAN_50000_0,6.834921232436145,5.789036498320304
CTGAN_50000_0,6.859969740115986,5.789036498320304
CTGAN_50000_0,6.837570485989348,5.789036498320304
CTGAN_50000_0,6.875652883249813,5.789036498320304
CTGAN_50000_0,6.839799152923713,5.789036498320304
CTGAN_50000_0,6.816170148684916,5.789036498320304
CTGAN_50000_0,6.875834701688532,5.789036498320304
CTGAN_50000_0,6.782561564971258,5.789036498320304
CTGAN_50000_0,6.821301466698275,5.789036498320304
CTGAN_50000_0,6.9323608855953385,5.789036498320304
CTGAN_50000_0,6.836167091304226,5.789036498320304
CTGAN_50000_0,6.838783700546811,5.789036498320304
CTGAN_50000_0,6.799503381914296,5.789036498320304
CTGAN_50000_0,6.875109720387118,5.789036498320304
CTGAN_50000_0,6.851261089781774,5.789036498320304
CTGAN_50000_0,6.833548291611422,5.789036498320304
CTGAN_50000_0,6.875850055739593,5.789036498320304
CTGAN_50000_0,6.855725263902071,5.789036498320304
CTGAN_50000_0,6.811964201850509,5.789036498320304
CTGAN_50000_0,6.816300944782772,5.789036498320304
CTGAN_50000_0,6.7902749722262,5.789036498320304
CTGAN_50000_0,6.865471952118988,5.789036498320304
CTGAN_50000_0,6.760258972786564,5.789036498320304
CTGAN_50000_0,6.852384568958838,5.789036498320304
CTGAN_50000_0,6.792270747602922,5.789036498320304
CTGAN_50000_0,6.872874406201698,5.789036498320304
CTGAN_50000_0,6.818971714166239,5.789036498320304
CTGAN_50000_0,6.868843558095269,5.789036498320304
CTGAN_50000_0,6.819395320768659,5.789036498320304
CTGAN_50000_0,6.842408116630411,5.789036498320304
CTGAN_50000_0,6.827599089060603,5.789036498320304
CTGAN_50000_0,6.804004955766873,5.789036498320304
CTGAN_50000_0,6.851340034042008,5.789036498320304
CTGAN_50000_0,6.821468333180606,5.789036498320304
CTGAN_50000_0,6.815617538790706,5.789036498320304
CTGAN_50000_0,6.920539492790619,5.789036498320304
CTGAN_50000_0,6.790498318459084,5.789036498320304
CTGAN_50000_0,6.878988884063368,5.789036498320304
CTGAN_50000_0,6.806058866791541,5.789036498320304
CTGAN_50000_0,6.834045077630018,5.789036498320304
CTGAN_50000_0,6.844065317769401,5.789036498320304
CTGAN_50000_0,6.789575316006456,5.789036498320304
CTGAN_50000_0,6.837611763100765,5.789036498320304
CTGAN_50000_0,6.825757575776064,5.789036498320304
CTGAN_50000_0,6.895991377425733,5.789036498320304
CTGAN_50000_0,6.88742374627139,5.789036498320304
CTGAN_50000_0,6.853316303530524,5.789036498320304
CTGAN_50000_0,6.824104498432,5.789036498320304
CTGAN_50000_0,6.811571229826711,5.789036498320304
CTGAN_50000_0,6.8546766185721655,5.789036498320304
CTGAN_50000_0,6.841739317727573,5.789036498320304
CTGAN_50000_0,6.871705668326311,5.789036498320304
CTGAN_50000_0,6.869575786487997,5.789036498320304
CTGAN_50000_0,6.877325382365063,5.789036498320304
CTGAN_50000_0,6.8333867392258,5.789036498320304
CTGAN_50000_0,6.91292530613252,5.789036498320304
CTGAN_50000_0,6.84473045590583,5.789036498320304
CTGAN_50000_0,6.796138788943499,5.789036498320304
CTGAN_50000_0,6.832372461071886,5.789036498320304
CTGAN_50000_0,6.803699091940385,5.789036498320304
CTGAN_50000_0,6.863819878160105,5.789036498320304
CTGAN_50000_0,6.85557075850665,5.789036498320304
CTGAN_50000_0,6.832124044810728,5.789036498320304
CTGAN_50000_0,6.834683618043383,5.789036498320304
CTGAN_50000_0,6.8030386804095695,5.789036498320304
CTGAN_50000_0,6.9459612533429365,5.789036498320304
CTGAN_50000_0,6.7695864615735335,5.789036498320304
CTGAN_50000_0,6.84760219875758,5.789036498320304
CTGAN_50000_0,6.838465613293605,5.789036498320304
CTGAN_50000_0,6.810961984107486,5.789036498320304
TVAE_50000_10,6.6625030564757015,5.789873367600973
TVAE_50000_10,6.6516631785063,5.789873367600973
TVAE_50000_10,6.663016205329564,5.789873367600973
TVAE_50000_10,6.630371901584626,5.789873367600973
TVAE_50000_10,6.633153219115661,5.789873367600973
TVAE_50000_10,6.666425127298375,5.789873367600973
TVAE_50000_10,6.665652974381264,5.789873367600973
TVAE_50000_10,6.682915711605171,5.789873367600973
TVAE_50000_10,6.696163082349614,5.789873367600973
TVAE_50000_10,6.64470275417617,5.789873367600973
TVAE_50000_10,6.691322006442418,5.789873367600973
TVAE_50000_10,6.664230315742939,5.789873367600973
TVAE_50000_10,6.672599986949178,5.789873367600973
TVAE_50000_10,6.69328795389554,5.789873367600973
TVAE_50000_10,6.651687806228892,5.789873367600973
TVAE_50000_10,6.641310908428473,5.789873367600973
TVAE_50000_10,6.641302525200888,5.789873367600973
TVAE_50000_10,6.666160322625767,5.789873367600973
TVAE_50000_10,6.700021685705956,5.789873367600973
TVAE_50000_10,6.67679584495567,5.789873367600973
TVAE_50000_10,6.695905234173397,5.789873367600973
TVAE_50000_10,6.695822490977157,5.789873367600973
TVAE_50000_10,6.6514113379692335,5.789873367600973
TVAE_50000_10,6.659942052057266,5.789873367600973
TVAE_50000_10,6.656332727216574,5.789873367600973
TVAE_50000_10,6.661693950017968,5.789873367600973
TVAE_50000_10,6.6284522941727975,5.789873367600973
TVAE_50000_10,6.6804542182380455,5.789873367600973
TVAE_50000_10,6.72022587367768,5.789873367600973
TVAE_50000_10,6.659042915185433,5.789873367600973
TVAE_50000_10,6.606204318379429,5.789873367600973
TVAE_50000_10,6.695729526759631,5.789873367600973
TVAE_50000_10,6.642905413800456,5.789873367600973
TVAE_50000_10,6.663615320381885,5.789873367600973
TVAE_50000_10,6.649489551891529,5.789873367600973
TVAE_50000_10,6.660960826882184,5.789873367600973
TVAE_50000_10,6.612307492158289,5.789873367600973
TVAE_50000_10,6.688044362121853,5.789873367600973
TVAE_50000_10,6.675744342589671,5.789873367600973
TVAE_50000_10,6.6068434530129405,5.789873367600973
TVAE_50000_10,6.66449677978022,5.789873367600973
TVAE_50000_10,6.651431358114444,5.789873367600973
TVAE_50000_10,6.632779584560424,5.789873367600973
TVAE_50000_10,6.659645006902869,5.789873367600973
TVAE_50000_10,6.605893144228216,5.789873367600973
TVAE_50000_10,6.646117918466514,5.789873367600973
TVAE_50000_10,6.682525239652501,5.789873367600973
TVAE_50000_10,6.687192214782982,5.789873367600973
TVAE_50000_10,6.686700156138639,5.789873367600973
TVAE_50000_10,6.671577255921292,5.789873367600973
TVAE_50000_10,6.674377071530297,5.789873367600973
TVAE_50000_10,6.690340807334593,5.789873367600973
TVAE_50000_10,6.723528558476548,5.789873367600973
TVAE_50000_10,6.647479292578123,5.789873367600973
TVAE_50000_10,6.671352857886721,5.789873367600973
TVAE_50000_10,6.659621141053394,5.789873367600973
TVAE_50000_10,6.64595841234194,5.789873367600973
TVAE_50000_10,6.639253097675957,5.789873367600973
TVAE_50000_10,6.628125501666349,5.789873367600973
TVAE_50000_10,6.75725257131473,5.789873367600973
TVAE_50000_10,6.68410244597596,5.789873367600973
TVAE_50000_10,6.652482058543081,5.789873367600973
TVAE_50000_10,6.663703530820571,5.789873367600973
TVAE_50000_10,6.643857530602091,5.789873367600973
TVAE_50000_10,6.650059210502344,5.789873367600973
TVAE_50000_10,6.680992889681133,5.789873367600973
TVAE_50000_10,6.688663917173647,5.789873367600973
TVAE_50000_10,6.614865702276293,5.789873367600973
TVAE_50000_10,6.678721446541905,5.789873367600973
TVAE_50000_10,6.644145493095097,5.789873367600973
TVAE_50000_10,6.670480680546628,5.789873367600973
TVAE_50000_10,6.667034876367259,5.789873367600973
TVAE_50000_10,6.715584614256504,5.789873367600973
TVAE_50000_10,6.647922802394686,5.789873367600973
TVAE_50000_10,6.620661426006268,5.789873367600973
TVAE_50000_10,6.662365197423912,5.789873367600973
TVAE_50000_10,6.652860677836864,5.789873367600973
TVAE_50000_10,6.644270511163311,5.789873367600973
TVAE_50000_10,6.629438196363736,5.789873367600973
TVAE_50000_10,6.64730720988257,5.789873367600973
TVAE_50000_10,6.693639442925617,5.789873367600973
TVAE_50000_10,6.729851689516131,5.789873367600973
TVAE_50000_10,6.62254818604171,5.789873367600973
TVAE_50000_10,6.696423117393904,5.789873367600973
TVAE_50000_10,6.662133446910383,5.789873367600973
TVAE_50000_10,6.657884174104078,5.789873367600973
TVAE_50000_10,6.675172357848902,5.789873367600973
TVAE_50000_10,6.633129462036296,5.789873367600973
TVAE_50000_10,6.717424430383157,5.789873367600973
TVAE_50000_10,6.651110691309055,5.789873367600973
TVAE_50000_10,6.626042610037473,5.789873367600973
TVAE_50000_10,6.613247507468296,5.789873367600973
TVAE_50000_10,6.672603818623737,5.789873367600973
TVAE_50000_10,6.626529020064561,5.789873367600973
TVAE_50000_10,6.694174566288527,5.789873367600973
TVAE_50000_10,6.65399970307538,5.789873367600973
TVAE_50000_10,6.676740288534153,5.789873367600973
TVAE_50000_10,6.677959048670472,5.789873367600973
TVAE_50000_10,6.698170779088099,5.789873367600973
TVAE_50000_10,6.646164416707755,5.789873367600973
CTGAN_50000_10,7.843089816222997,5.789873367600973
CTGAN_50000_10,7.861558838944331,5.789873367600973
CTGAN_50000_10,7.95568030396326,5.789873367600973
CTGAN_50000_10,7.914503263736326,5.789873367600973
CTGAN_50000_10,7.961592152060002,5.789873367600973
CTGAN_50000_10,7.8327917532862035,5.789873367600973
CTGAN_50000_10,7.8309068892387,5.789873367600973
CTGAN_50000_10,7.812931506844789,5.789873367600973
CTGAN_50000_10,7.9453131785387,5.789873367600973
CTGAN_50000_10,7.910276976776051,5.789873367600973
CTGAN_50000_10,7.876375476805376,5.789873367600973
CTGAN_50000_10,7.943071332197567,5.789873367600973
CTGAN_50000_10,7.896594171944523,5.789873367600973
CTGAN_50000_10,7.869434059865685,5.789873367600973
CTGAN_50000_10,7.895763251950152,5.789873367600973
CTGAN_50000_10,7.943409431747389,5.789873367600973
CTGAN_50000_10,7.812781854104699,5.789873367600973
CTGAN_50000_10,7.869871922936795,5.789873367600973
CTGAN_50000_10,7.946267898738808,5.789873367600973
CTGAN_50000_10,7.964016345494104,5.789873367600973
CTGAN_50000_10,7.979643980622764,5.789873367600973
CTGAN_50000_10,7.881020557510861,5.789873367600973
CTGAN_50000_10,7.93375012498762,5.789873367600973
CTGAN_50000_10,7.8785418825895475,5.789873367600973
CTGAN_50000_10,7.949946533310832,5.789873367600973
CTGAN_50000_10,7.910765400867947,5.789873367600973
CTGAN_50000_10,7.90333242645779,5.789873367600973
CTGAN_50000_10,7.893409314269424,5.789873367600973
CTGAN_50000_10,7.880140514524977,5.789873367600973
CTGAN_50000_10,7.852607251012536,5.789873367600973
CTGAN_50000_10,7.933556060491876,5.789873367600973
CTGAN_50000_10,7.906189142915537,5.789873367600973
CTGAN_50000_10,7.846570018020931,5.789873367600973
CTGAN_50000_10,7.9398600072156285,5.789873367600973
CTGAN_50000_10,7.911301084138465,5.789873367600973
CTGAN_50000_10,7.874207145109347,5.789873367600973
CTGAN_50000_10,7.874171349052967,5.789873367600973
CTGAN_50000_10,7.875156214431937,5.789873367600973
CTGAN_50000_10,7.87445997889819,5.789873367600973
CTGAN_50000_10,7.953092158792693,5.789873367600973
CTGAN_50000_10,7.893972885079174,5.789873367600973
CTGAN_50000_10,7.895044239596544,5.789873367600973
CTGAN_50000_10,7.9374946193493745,5.789873367600973
CTGAN_50000_10,7.922547355926545,5.789873367600973
CTGAN_50000_10,7.976742374849012,5.789873367600973
CTGAN_50000_10,7.8265874743427135,5.789873367600973
CTGAN_50000_10,7.88039987580674,5.789873367600973
CTGAN_50000_10,7.869281591081679,5.789873367600973
CTGAN_50000_10,7.915774568970727,5.789873367600973
CTGAN_50000_10,7.873169608151429,5.789873367600973
CTGAN_50000_10,7.91073329187105,5.789873367600973
CTGAN_50000_10,7.837572852639949,5.789873367600973
CTGAN_50000_10,8.044854847556362,5.789873367600973
CTGAN_50000_10,7.831142575213981,5.789873367600973
CTGAN_50000_10,7.865358310059935,5.789873367600973
CTGAN_50000_10,7.905894790282275,5.789873367600973
CTGAN_50000_10,7.879005918539448,5.789873367600973
CTGAN_50000_10,7.889093715068891,5.789873367600973
CTGAN_50000_10,7.860955048549987,5.789873367600973
CTGAN_50000_10,7.859220519055945,5.789873367600973
CTGAN_50000_10,7.903380120940182,5.789873367600973
CTGAN_50000_10,7.813359846119058,5.789873367600973
CTGAN_50000_10,7.94692850157756,5.789873367600973
CTGAN_50000_10,7.907651841760081,5.789873367600973
CTGAN_50000_10,7.891790149537817,5.789873367600973
CTGAN_50000_10,7.866191887194999,5.789873367600973
CTGAN_50000_10,7.90323494785446,5.789873367600973
CTGAN_50000_10,7.860790358798113,5.789873367600973
CTGAN_50000_10,7.961405476159784,5.789873367600973
CTGAN_50000_10,7.882775585397328,5.789873367600973
CTGAN_50000_10,7.904426135537119,5.789873367600973
CTGAN_50000_10,7.920691062864295,5.789873367600973
CTGAN_50000_10,7.889139690959501,5.789873367600973
CTGAN_50000_10,7.79187331947459,5.789873367600973
CTGAN_50000_10,7.933934555545626,5.789873367600973
CTGAN_50000_10,7.906295450955201,5.789873367600973
CTGAN_50000_10,7.856453097241477,5.789873367600973
CTGAN_50000_10,7.922673440182817,5.789873367600973
CTGAN_50000_10,7.8933965388280996,5.789873367600973
CTGAN_50000_10,7.928163358050435,5.789873367600973
CTGAN_50000_10,7.817940989861175,5.789873367600973
CTGAN_50000_10,7.85546576808743,5.789873367600973
CTGAN_50000_10,7.908593913061212,5.789873367600973
CTGAN_50000_10,7.968559291468665,5.789873367600973
CTGAN_50000_10,7.8521568651057425,5.789873367600973
CTGAN_50000_10,7.938809824620412,5.789873367600973
CTGAN_50000_10,7.952176893763893,5.789873367600973
CTGAN_50000_10,7.932247717142824,5.789873367600973
CTGAN_50000_10,7.848885274610486,5.789873367600973
CTGAN_50000_10,7.94244462508765,5.789873367600973
CTGAN_50000_10,7.924126391534361,5.789873367600973
CTGAN_50000_10,7.849035653430199,5.789873367600973
CTGAN_50000_10,7.809912885653778,5.789873367600973
CTGAN_50000_10,7.893403473739598,5.789873367600973
CTGAN_50000_10,7.901050961316979,5.789873367600973
CTGAN_50000_10,7.930434357247776,5.789873367600973
CTGAN_50000_10,7.853487459279615,5.789873367600973
CTGAN_50000_10,7.902918381413971,5.789873367600973
CTGAN_50000_10,7.8749620116753745,5.789873367600973
CTGAN_50000_10,7.8364614013850655,5.789873367600973
TVAE_50000_20,6.509521144545093,5.801667086580452
TVAE_50000_20,6.4535754863693455,5.801667086580452
TVAE_50000_20,6.424642214712497,5.801667086580452
TVAE_50000_20,6.483240009682471,5.801667086580452
TVAE_50000_20,6.468482565301748,5.801667086580452
TVAE_50000_20,6.46064598680899,5.801667086580452
TVAE_50000_20,6.511998157343915,5.801667086580452
TVAE_50000_20,6.47074933095209,5.801667086580452
TVAE_50000_20,6.490244535344314,5.801667086580452
TVAE_50000_20,6.470449180012702,5.801667086580452
TVAE_50000_20,6.475706973397179,5.801667086580452
TVAE_50000_20,6.499649094881614,5.801667086580452
TVAE_50000_20,6.455787591129308,5.801667086580452
TVAE_50000_20,6.481299569239823,5.801667086580452
TVAE_50000_20,6.469045765019617,5.801667086580452
TVAE_50000_20,6.463868139086635,5.801667086580452
TVAE_50000_20,6.4266582196788296,5.801667086580452
TVAE_50000_20,6.472168873245797,5.801667086580452
TVAE_50000_20,6.480097056120215,5.801667086580452
TVAE_50000_20,6.451071233794529,5.801667086580452
TVAE_50000_20,6.53745859468628,5.801667086580452
TVAE_50000_20,6.481307893297455,5.801667086580452
TVAE_50000_20,6.443224760374607,5.801667086580452
TVAE_50000_20,6.493264623678239,5.801667086580452
TVAE_50000_20,6.485223933458515,5.801667086580452
TVAE_50000_20,6.442222007843391,5.801667086580452
TVAE_50000_20,6.51650746492615,5.801667086580452
TVAE_50000_20,6.498125533255323,5.801667086580452
TVAE_50000_20,6.492051904755968,5.801667086580452
TVAE_50000_20,6.49901024613186,5.801667086580452
TVAE_50000_20,6.407294765399453,5.801667086580452
TVAE_50000_20,6.488056199996152,5.801667086580452
TVAE_50000_20,6.525138047916201,5.801667086580452
TVAE_50000_20,6.535307908577019,5.801667086580452
TVAE_50000_20,6.485736724062254,5.801667086580452
TVAE_50000_20,6.534148580631135,5.801667086580452
TVAE_50000_20,6.522755577794962,5.801667086580452
TVAE_50000_20,6.541931356426699,5.801667086580452
TVAE_50000_20,6.486308956206483,5.801667086580452
TVAE_50000_20,6.457470685199174,5.801667086580452
TVAE_50000_20,6.495941238713291,5.801667086580452
TVAE_50000_20,6.518509020328786,5.801667086580452
TVAE_50000_20,6.432760620565288,5.801667086580452
TVAE_50000_20,6.49846696965771,5.801667086580452
TVAE_50000_20,6.48597092123037,5.801667086580452
TVAE_50000_20,6.508553156053989,5.801667086580452
TVAE_50000_20,6.53677333497564,5.801667086580452
TVAE_50000_20,6.442502300351899,5.801667086580452
TVAE_50000_20,6.4983069908734565,5.801667086580452
TVAE_50000_20,6.49548316575406,5.801667086580452
TVAE_50000_20,6.505023182291865,5.801667086580452
TVAE_50000_20,6.4775589096463335,5.801667086580452
TVAE_50000_20,6.573019723039694,5.801667086580452
TVAE_50000_20,6.513210646967624,5.801667086580452
TVAE_50000_20,6.4990759608327,5.801667086580452
TVAE_50000_20,6.520303560724905,5.801667086580452
TVAE_50000_20,6.5005366667632885,5.801667086580452
TVAE_50000_20,6.435129652770354,5.801667086580452
TVAE_50000_20,6.497890591988101,5.801667086580452
TVAE_50000_20,6.493433274720228,5.801667086580452
TVAE_50000_20,6.483587382154556,5.801667086580452
TVAE_50000_20,6.509293634143432,5.801667086580452
TVAE_50000_20,6.458592308268881,5.801667086580452
TVAE_50000_20,6.4940643929306265,5.801667086580452
TVAE_50000_20,6.452464782070406,5.801667086580452
TVAE_50000_20,6.537872534988982,5.801667086580452
TVAE_50000_20,6.469516045402884,5.801667086580452
TVAE_50000_20,6.5257999602343855,5.801667086580452
TVAE_50000_20,6.54531796736797,5.801667086580452
TVAE_50000_20,6.543677035674468,5.801667086580452
TVAE_50000_20,6.529990732725446,5.801667086580452
TVAE_50000_20,6.540473077496166,5.801667086580452
TVAE_50000_20,6.524736699956503,5.801667086580452
TVAE_50000_20,6.470613235311814,5.801667086580452
TVAE_50000_20,6.523110307564695,5.801667086580452
TVAE_50000_20,6.505738787466851,5.801667086580452
TVAE_50000_20,6.494833038433811,5.801667086580452
TVAE_50000_20,6.524140818747723,5.801667086580452
TVAE_50000_20,6.56559042868515,5.801667086580452
TVAE_50000_20,6.491770793104012,5.801667086580452
TVAE_50000_20,6.490016696850153,5.801667086580452
TVAE_50000_20,6.538772624053867,5.801667086580452
TVAE_50000_20,6.503620760498866,5.801667086580452
TVAE_50000_20,6.497441874284364,5.801667086580452
TVAE_50000_20,6.477715547779853,5.801667086580452
TVAE_50000_20,6.46484034269997,5.801667086580452
TVAE_50000_20,6.441146556521123,5.801667086580452
TVAE_50000_20,6.426919268426815,5.801667086580452
TVAE_50000_20,6.531263914337275,5.801667086580452
TVAE_50000_20,6.505434175636703,5.801667086580452
TVAE_50000_20,6.490968595345049,5.801667086580452
TVAE_50000_20,6.460915517748963,5.801667086580452
TVAE_50000_20,6.4851569267561135,5.801667086580452
TVAE_50000_20,6.479906339372417,5.801667086580452
TVAE_50000_20,6.487112650347546,5.801667086580452
TVAE_50000_20,6.531358530436097,5.801667086580452
TVAE_50000_20,6.533577539905781,5.801667086580452
TVAE_50000_20,6.509726805019656,5.801667086580452
TVAE_50000_20,6.53054351294873,5.801667086580452
TVAE_50000_20,6.50595032215563,5.801667086580452
CTGAN_50000_20,7.728416677551008,5.801667086580452
CTGAN_50000_20,7.595061539399583,5.801667086580452
CTGAN_50000_20,7.681520731648684,5.801667086580452
CTGAN_50000_20,7.546319468855171,5.801667086580452
CTGAN_50000_20,7.647543767413255,5.801667086580452
CTGAN_50000_20,7.583102388600411,5.801667086580452
CTGAN_50000_20,7.608078246628645,5.801667086580452
CTGAN_50000_20,7.586085880669122,5.801667086580452
CTGAN_50000_20,7.719579950957742,5.801667086580452
CTGAN_50000_20,7.592190704216222,5.801667086580452
CTGAN_50000_20,7.613654163090034,5.801667086580452
CTGAN_50000_20,7.613701032367926,5.801667086580452
CTGAN_50000_20,7.609067252204698,5.801667086580452
CTGAN_50000_20,7.665671323522647,5.801667086580452
CTGAN_50000_20,7.593597855723748,5.801667086580452
CTGAN_50000_20,7.613899337485728,5.801667086580452
CTGAN_50000_20,7.69513126880855,5.801667086580452
CTGAN_50000_20,7.685081473195174,5.801667086580452
CTGAN_50000_20,7.678883002176603,5.801667086580452
CTGAN_50000_20,7.685678073169515,5.801667086580452
CTGAN_50000_20,7.609492235631572,5.801667086580452
CTGAN_50000_20,7.663969053308852,5.801667086580452
CTGAN_50000_20,7.618110766796951,5.801667086580452
CTGAN_50000_20,7.631755041607266,5.801667086580452
CTGAN_50000_20,7.562826570171974,5.801667086580452
CTGAN_50000_20,7.440611736058526,5.801667086580452
CTGAN_50000_20,7.662201182220452,5.801667086580452
CTGAN_50000_20,7.596854778026606,5.801667086580452
CTGAN_50000_20,7.688290136949516,5.801667086580452
CTGAN_50000_20,7.554385117313544,5.801667086580452
CTGAN_50000_20,7.662757128084503,5.801667086580452
CTGAN_50000_20,7.636129663753742,5.801667086580452
CTGAN_50000_20,7.579961513119083,5.801667086580452
CTGAN_50000_20,7.624820926970736,5.801667086580452
CTGAN_50000_20,7.663988476956369,5.801667086580452
CTGAN_50000_20,7.657078786788572,5.801667086580452
CTGAN_50000_20,7.537990359690892,5.801667086580452
CTGAN_50000_20,7.619628881216545,5.801667086580452
CTGAN_50000_20,7.582438358199239,5.801667086580452
CTGAN_50000_20,7.641646314003387,5.801667086580452
CTGAN_50000_20,7.598593118753539,5.801667086580452
CTGAN_50000_20,7.568317976896232,5.801667086580452
CTGAN_50000_20,7.666997636480312,5.801667086580452
CTGAN_50000_20,7.678825783027259,5.801667086580452
CTGAN_50000_20,7.631509446312101,5.801667086580452
CTGAN_50000_20,7.606751611721402,5.801667086580452
CTGAN_50000_20,7.591384935579209,5.801667086580452
CTGAN_50000_20,7.697041192494479,5.801667086580452
CTGAN_50000_20,7.6042838668263615,5.801667086580452
CTGAN_50000_20,7.6018232348859955,5.801667086580452
CTGAN_50000_20,7.589772964723285,5.801667086580452
CTGAN_50000_20,7.628704615267681,5.801667086580452
CTGAN_50000_20,7.602418121485383,5.801667086580452
CTGAN_50000_20,7.616649765341878,5.801667086580452
CTGAN_50000_20,7.633712115057991,5.801667086580452
CTGAN_50000_20,7.608927952531464,5.801667086580452
CTGAN_50000_20,7.666141060536259,5.801667086580452
CTGAN_50000_20,7.619254812965174,5.801667086580452
CTGAN_50000_20,7.705709674288452,5.801667086580452
CTGAN_50000_20,7.611493955840915,5.801667086580452
CTGAN_50000_20,7.601368206829894,5.801667086580452
CTGAN_50000_20,7.586948016328672,5.801667086580452
CTGAN_50000_20,7.562293871325494,5.801667086580452
CTGAN_50000_20,7.591700132160826,5.801667086580452
CTGAN_50000_20,7.602240307800855,5.801667086580452
CTGAN_50000_20,7.603268271122064,5.801667086580452
CTGAN_50000_20,7.644640407488515,5.801667086580452
CTGAN_50000_20,7.597053089982365,5.801667086580452
CTGAN_50000_20,7.652477053440863,5.801667086580452
CTGAN_50000_20,7.63878582044323,5.801667086580452
CTGAN_50000_20,7.65429778040843,5.801667086580452
CTGAN_50000_20,7.596016252341852,5.801667086580452
CTGAN_50000_20,7.550886748976453,5.801667086580452
CTGAN_50000_20,7.62136813142165,5.801667086580452
CTGAN_50000_20,7.548003387189721,5.801667086580452
CTGAN_50000_20,7.620881834745154,5.801667086580452
CTGAN_50000_20,7.5678294993989,5.801667086580452
CTGAN_50000_20,7.626393200605906,5.801667086580452
CTGAN_50000_20,7.614198807321688,5.801667086580452
CTGAN_50000_20,7.629999904450277,5.801667086580452
CTGAN_50000_20,7.667818085854128,5.801667086580452
CTGAN_50000_20,7.646266855608967,5.801667086580452
CTGAN_50000_20,7.591531429384164,5.801667086580452
CTGAN_50000_20,7.640872633236496,5.801667086580452
CTGAN_50000_20,7.543497501702758,5.801667086580452
CTGAN_50000_20,7.627453090568798,5.801667086580452
CTGAN_50000_20,7.649129765033441,5.801667086580452
CTGAN_50000_20,7.582804176666109,5.801667086580452
CTGAN_50000_20,7.595257650388698,5.801667086580452
CTGAN_50000_20,7.557284698688645,5.801667086580452
CTGAN_50000_20,7.74765861867098,5.801667086580452
CTGAN_50000_20,7.589300092335597,5.801667086580452
CTGAN_50000_20,7.597881412785535,5.801667086580452
CTGAN_50000_20,7.632237376633822,5.801667086580452
CTGAN_50000_20,7.642890644814017,5.801667086580452
CTGAN_50000_20,7.5639813690823585,5.801667086580452
CTGAN_50000_20,7.69283602440008,5.801667086580452
CTGAN_50000_20,7.709511183075437,5.801667086580452
CTGAN_50000_20,7.652462926169413,5.801667086580452
CTGAN_50000_20,7.60559072734363,5.801667086580452
